source,row,class,p3d,category,x,y,z,yaw,problem,float_m,sink_m,embed_m,side,host,fix_dy,fix_pitch,fix_roll,fixable,note
src\JP\worlds\testisland\world\japantestisland.wrp,1,,dz\structures\roads\parts\grav_25.p3d,road,1106.51,25.003,1136.93,10.0,road surface off terrain: +0.13 / -0.00 m (drape),0.133,0.000,,,,,,,,rigid (as placed) worst -0.61 m; grade the terrain under the piece
src\JP\worlds\testisland\world\japantestisland.wrp,3,,dz\structures\roads\parts\grav_25.p3d,road,1109.82,26.154,1174.76,0.0,road surface off terrain: +0.11 / -0.01 m (drape),0.115,0.006,,,,,,,,rigid (as placed) worst -1.46 m; grade the terrain under the piece
src\JP\worlds\testisland\world\japantestisland.wrp,4,,dz\structures\roads\parts\grav_25.p3d,road,1109.82,27.614,1199.76,0.0,road surface off terrain: +0.21 / -0.01 m (drape),0.214,0.006,,,,,,,,rigid (as placed) worst -2.76 m; grade the terrain under the piece
src\JP\worlds\testisland\world\japantestisland.wrp,7,,dz\structures\roads\parts\grav_25.p3d,road,1122.08,36.178,1267.90,15.0,road surface off terrain: +0.13 / -0.06 m (drape),0.133,0.058,,,,,,,,rigid (as placed) worst -3.40 m; grade the terrain under the piece
src\JP\worlds\testisland\world\japantestisland.wrp,8,,dz\structures\roads\parts\grav_6konec.p3d,road,1126.13,39.428,1282.99,15.0,road surface off terrain: +0.12 / -0.20 m (drape),0.119,0.197,,,,,,,,rigid (as placed) worst -0.83 m; grade the terrain under the piece
src\JP\worlds\testisland\world\japantestisland.wrp,9,,dz\plants\bush\b_crataeguslaevigata_2s.p3d,plant,681.57,10.298,565.83,102.3,base not sunk: highest contact point +0.146 m vs soil (needs <= -0.02),0.146,0.221,0.154,front (E),,-0.166,,,yes,
src\JP\worlds\testisland\world\japantestisland.wrp,54,,dz\plants\bush\b_sambucusnigra_2s.p3d,plant,899.40,18.361,633.27,111.3,base not sunk: highest contact point +0.146 m vs soil (needs <= -0.02),0.146,0.385,0.258,back (W),,-0.166,,,yes,
src\JP\worlds\testisland\world\japantestisland.wrp,60,,dz\plants\bush\b_rosacanina_2s.p3d,plant,574.67,10.304,713.72,249.5,base not sunk: highest contact point +0.051 m vs soil (needs <= -0.02),0.051,0.343,0.161,front-right (W),,-0.071,,,yes,
src\JP\worlds\testisland\world\japantestisland.wrp,97,,dz\plants\bush\b_rosacanina_2s.p3d,plant,678.95,35.993,975.20,234.5,base not sunk: highest contact point +0.028 m vs soil (needs <= -0.02),0.028,0.387,0.196,front-right (W),,-0.048,,,yes,
src\JP\worlds\testisland\world\japantestisland.wrp,118,,dz\plants\bush\b_sambucusnigra_2s.p3d,plant,621.37,42.579,1034.04,51.8,base not sunk: highest contact point +0.070 m vs soil (needs <= -0.02),0.070,0.408,0.267,back (SW),,-0.090,,,yes,
src\JP\worlds\testisland\world\japantestisland.wrp,121,,dz\plants\bush\b_crataeguslaevigata_2s.p3d,plant,693.54,45.445,1030.70,310.7,base not sunk: highest contact point +0.019 m vs soil (needs <= -0.02),0.019,0.334,0.292,front-left (W),,-0.039,,,yes,
src\JP\worlds\testisland\world\japantestisland.wrp,128,,dz\plants\bush\b_crataeguslaevigata_2s.p3d,plant,662.86,50.517,1044.42,302.4,base not sunk: highest contact point +0.054 m vs soil (needs <= -0.02),0.054,0.350,0.274,front-left (W),,-0.074,,,yes,
src\JP\worlds\testisland\world\japantestisland.wrp,190,,dz\plants\bush\b_sambucusnigra_2s.p3d,plant,1392.28,45.502,1074.32,312.3,base not sunk: highest contact point +0.003 m vs soil (needs <= -0.02),0.003,0.418,0.309,back (SE),,-0.023,,,yes,
src\JP\worlds\testisland\world\japantestisland.wrp,255,,dz\plants\bush\b_sambucusnigra_2s.p3d,plant,747.16,46.250,1103.94,277.3,base not sunk: highest contact point +0.080 m vs soil (needs <= -0.02),0.080,0.567,0.355,back (E),,-0.100,,,yes,
src\JP\worlds\testisland\world\japantestisland.wrp,273,,dz\plants\bush\b_sambucusnigra_2s.p3d,plant,598.23,55.181,1118.01,42.8,base not sunk: highest contact point -0.002 m vs soil (needs <= -0.02),0.000,0.589,0.378,back (SW),,-0.018,,,yes,
src\JP\worlds\testisland\world\japantestisland.wrp,589,,dz\plants\bush\b_crataeguslaevigata_2s.p3d,plant,796.00,42.724,1207.37,267.3,base not sunk: highest contact point -0.003 m vs soil (needs <= -0.02),0.000,0.433,0.374,front-left (SW),,-0.017,,,yes,
src\JP\worlds\testisland\world\japantestisland.wrp,658,,dz\plants\bush\b_crataeguslaevigata_2s.p3d,plant,608.54,81.598,1225.98,264.0,base not sunk: highest contact point +0.109 m vs soil (needs <= -0.02),0.109,0.504,0.349,front (W),,-0.129,,,yes,
src\JP\worlds\testisland\world\japantestisland.wrp,887,,dz\plants\bush\b_crataeguslaevigata_2s.p3d,plant,1141.66,45.980,1268.35,170.9,base not sunk: highest contact point +0.175 m vs soil (needs <= -0.02),0.175,0.529,0.371,front (S),,-0.195,,,yes,
src\JP\worlds\testisland\world\japantestisland.wrp,1177,,dz\plants\bush\b_crataeguslaevigata_2s.p3d,plant,1144.63,54.951,1301.91,207.1,base not sunk: highest contact point +0.175 m vs soil (needs <= -0.02),0.175,0.423,0.280,front (S),,-0.195,,,yes,
src\JP\worlds\testisland\world\japantestisland.wrp,1495,,dz\plants\bush\b_crataeguslaevigata_2s.p3d,plant,1467.65,131.570,1341.36,214.3,base not sunk: highest contact point +0.076 m vs soil (needs <= -0.02),0.076,0.426,0.307,front (SW),,-0.096,,,yes,
src\JP\worlds\testisland\world\japantestisland.wrp,1849,,dz\plants\bush\b_crataeguslaevigata_2s.p3d,plant,1397.71,145.335,1393.12,117.3,base not sunk: highest contact point +0.024 m vs soil (needs <= -0.02),0.024,0.377,0.309,front (E),,-0.044,,,yes,
src\JP\worlds\testisland\world\japantestisland.wrp,2293,,dz\plants\bush\b_crataeguslaevigata_2s.p3d,plant,918.77,154.262,1464.93,341.3,base not sunk: highest contact point -0.000 m vs soil (needs <= -0.02),0.000,0.478,0.435,front-left (NW),,-0.020,,,yes,
src\JP\worlds\testisland\world\japantestisland.wrp,2783,,dz\plants\bush\b_sambucusnigra_1s.p3d,plant,974.73,155.884,1556.72,110.2,base not sunk: highest contact point +0.027 m vs soil (needs <= -0.02),0.027,0.158,0.102,back-right (W),,-0.047,,,yes,
src\JP\worlds\testisland\world\japantestisland.wrp,2891,,dz\plants\bush\b_sambucusnigra_2s.p3d,plant,918.10,153.181,1582.71,149.9,base not sunk: highest contact point +0.022 m vs soil (needs <= -0.02),0.022,0.531,0.339,back (NW),,-0.042,,,yes,
src\JP\worlds\testisland\world\japantestisland.wrp,2902,,dz\plants\bush\b_rosacanina_2s.p3d,plant,1055.26,159.493,1582.16,4.6,base not sunk: highest contact point +0.064 m vs soil (needs <= -0.02),0.064,0.282,0.129,front-right (NE),,-0.084,,,yes,
src\JP\worlds\testisland\world\japantestisland.wrp,2991,,dz\plants\tree\t_quercusrobur_2s.p3d,plant,1310.81,87.129,1604.60,342.9,buried: terrain 1.317 m above its ground line,0.000,4.283,1.317,back (SE),,+1.317,,,yes,
src\JP\worlds\testisland\world\japantestisland.wrp,3538,,dz\rocks\rock_apart2.p3d,rock,1159.94,1.634,472.04,111.4,base not sunk: highest contact point +0.020 m vs soil (needs <= -0.05),0.020,0.714,,right (S),,-0.070,,,,
test\placements\C.csv,3,,JP\site\street\jp_s_gutter_slab.p3d,prop,1026.73,25.000,1038.80,180.0,sunk 0.340 m,0.000,0.340,,back-left (NE),jp_machiya_t3_01_shop.p3d,+0.340,,,yes,
test\placements\C.csv,4,,JP\site\street\jp_s_gutter_board_1ken.p3d,prop,1024.91,25.000,1038.80,180.0,sunk 0.230 m,0.000,0.230,,left (E),jp_machiya_t3_01_shop.p3d,+0.230,,,yes,
test\placements\C.csv,5,,JP\site\street\jp_s_gutter_board_1ken.p3d,prop,1023.09,25.000,1038.80,180.0,sunk 0.230 m,0.000,0.230,,left (E),jp_machiya_t3_01_shop.p3d,+0.230,,,yes,
test\placements\C.csv,6,,JP\site\street\jp_s_gutter_board_1ken.p3d,prop,1021.27,25.000,1038.80,180.0,sunk 0.230 m,0.000,0.230,,left (E),jp_machiya_t3_01_shop.p3d,+0.230,,,yes,
test\placements\C.csv,10,,JP\site\yard\jp_s_handcart_load_bales.p3d,building,1023.00,25.000,1035.20,250.0,floats 0.044 m,0.044,0.000,0.000,front (SW),,-0.044,,,,
test\placements\C.csv,12,,JP\site\roadside\jp_s_jizo_hut_box.p3d,prop,1029.30,25.000,1038.40,180.0,sunk 0.110 m,0.000,0.110,,left (E),,+0.110,,,yes,
test\placements\C.csv,19,,JP\site\roadside\jp_s_shimenawa_len_1ken.p3d,prop,1026.40,27.210,1053.20,180.0,floats 2.025 m,2.025,0.000,,centre,,-2.025,,,yes,
test\placements\C.csv,30,,JP\site\street\jp_s_gutter_slab.p3d,prop,995.74,25.000,1082.54,180.0,sunk 0.340 m,0.000,0.340,,back-left (NE),jp_townhouse_kamigata_3ken_middle_toril_komeya.p3d,+0.340,,,yes,
test\placements\C.csv,31,,JP\site\street\jp_s_gutter_board_1ken.p3d,prop,999.50,25.000,1082.54,180.0,sunk 0.230 m,0.000,0.230,,left (E),jp_townhouse_kamigata_3ken_middle_toril_komeya.p3d,+0.230,,,yes,
test\placements\C.csv,32,,JP\site\street\jp_s_gutter_board_1ken.p3d,prop,997.68,25.000,1082.54,180.0,sunk 0.230 m,0.000,0.230,,left (E),jp_townhouse_kamigata_3ken_middle_toril_komeya.p3d,+0.230,,,yes,
test\placements\C.csv,36,,JP\site\street\jp_s_gutter_slab.p3d,prop,994.03,25.000,1082.54,180.0,sunk 0.340 m,0.000,0.340,,back-left (NE),jp_townhouse_kamigata_3ken_middle_toril_komeya.p3d,+0.340,,,yes,
test\placements\C.csv,37,,JP\site\street\jp_s_gutter_board_1ken.p3d,prop,992.09,25.000,1082.54,180.0,sunk 0.230 m,0.000,0.230,,left (E),jp_townhouse_kamigata_2ken_middle_torir_kamiya.p3d,+0.230,,,yes,
test\placements\C.csv,40,,JP\site\street\jp_s_gutter_slab.p3d,prop,1055.62,25.000,1082.54,180.0,sunk 0.340 m,0.000,0.340,,back-left (NE),jp_townhouse_edo_2ken_middle_torir_gofuku.p3d,+0.340,,,yes,
test\placements\C.csv,41,,JP\site\street\jp_s_gutter_board_1ken.p3d,prop,1053.68,25.000,1082.54,180.0,sunk 0.230 m,0.000,0.230,,left (E),jp_townhouse_edo_2ken_middle_torir_gofuku.p3d,+0.230,,,yes,
test\placements\C.csv,44,,JP\site\street\jp_s_gutter_slab.p3d,prop,1057.33,25.000,1082.54,180.0,sunk 0.340 m,0.000,0.340,,back-left (NE),jp_townhouse_edo_2ken_middle_torir_gofuku.p3d,+0.340,,,yes,
test\placements\C.csv,45,,JP\site\street\jp_s_gutter_board_1ken.p3d,prop,1061.06,25.000,1082.54,180.0,sunk 0.230 m,0.000,0.230,,left (E),jp_townhouse_edo_3ken_cornerr_toril_sakaya.p3d,+0.230,,,yes,
test\placements\C.csv,46,,JP\site\street\jp_s_gutter_board_1ken.p3d,prop,1059.24,25.000,1082.54,180.0,sunk 0.230 m,0.000,0.230,,left (E),jp_townhouse_edo_3ken_cornerr_toril_sakaya.p3d,+0.230,,,yes,
test\placements\C.csv,50,,JP\site\street_life\jp_s_sandals_sale_eave.p3d,prop,987.13,27.459,1076.45,0.0,floats 2.242 m,2.242,0.000,,right (E),jp_posttownhouse_det_tilenuriya_home.p3d,-2.239,,,yes,
test\placements\C.csv,52,,JP\site\street\jp_s_gutter_slab.p3d,prop,990.67,25.000,1077.76,0.0,sunk 0.340 m,0.000,0.340,,back-left (SW),jp_posttownhouse_det_tilenuriya_home.p3d,+0.340,,,yes,
test\placements\C.csv,53,,JP\site\street\jp_s_gutter_board_1ken.p3d,prop,986.91,25.000,1077.76,0.0,sunk 0.230 m,0.000,0.230,,left (W),jp_posttownhouse_det_tilenuriya_home.p3d,+0.230,,,yes,
test\placements\C.csv,54,,JP\site\street\jp_s_gutter_board_1ken.p3d,prop,988.73,25.000,1077.76,0.0,sunk 0.230 m,0.000,0.230,,left (W),jp_posttownhouse_det_tilenuriya_home.p3d,+0.230,,,yes,
test\placements\C.csv,57,,JP\site\street_life\jp_s_sandals_sale_eave.p3d,prop,1011.92,27.459,1076.44,0.0,floats 2.242 m,2.242,0.000,,right (E),jp_hatago_std_tile_furnished.p3d,-2.239,,,yes,
test\placements\C.csv,59,,JP\site\street\jp_s_gutter_slab.p3d,prop,1016.88,25.000,1077.65,0.0,sunk 0.340 m,0.000,0.340,,back-left (SW),jp_hatago_std_tile_furnished.p3d,+0.340,,,yes,
test\placements\C.csv,60,,JP\site\street\jp_s_gutter_board_1ken.p3d,prop,1009.48,25.000,1077.65,0.0,sunk 0.230 m,0.000,0.230,,left (W),jp_hatago_std_tile_furnished.p3d,+0.230,,,yes,
test\placements\C.csv,61,,JP\site\street\jp_s_gutter_board_1ken.p3d,prop,1011.30,25.000,1077.65,0.0,sunk 0.230 m,0.000,0.230,,left (W),jp_hatago_std_tile_furnished.p3d,+0.230,,,yes,
test\placements\C.csv,62,,JP\site\street\jp_s_gutter_board_1ken.p3d,prop,1013.12,25.000,1077.65,0.0,sunk 0.230 m,0.000,0.230,,left (W),jp_hatago_std_tile_furnished.p3d,+0.230,,,yes,
test\placements\C.csv,63,,JP\site\street\jp_s_gutter_board_1ken.p3d,prop,1014.94,25.000,1077.65,0.0,sunk 0.230 m,0.000,0.230,,left (W),jp_hatago_std_tile_furnished.p3d,+0.230,,,yes,
test\placements\C.csv,68,,JP\site\street\jp_s_gutter_slab.p3d,prop,1029.98,25.000,1077.65,0.0,sunk 0.340 m,0.000,0.340,,back-left (SW),jp_hatago_grand_furnished.p3d,+0.340,,,yes,
test\placements\C.csv,69,,JP\site\street\jp_s_gutter_board_1ken.p3d,prop,1022.58,25.000,1077.65,0.0,sunk 0.230 m,0.000,0.230,,left (W),jp_hatago_grand_furnished.p3d,+0.230,,,yes,
test\placements\C.csv,70,,JP\site\street\jp_s_gutter_board_1ken.p3d,prop,1024.40,25.000,1077.65,0.0,sunk 0.230 m,0.000,0.230,,left (W),jp_hatago_grand_furnished.p3d,+0.230,,,yes,
test\placements\C.csv,71,,JP\site\street\jp_s_gutter_board_1ken.p3d,prop,1026.22,25.000,1077.65,0.0,sunk 0.230 m,0.000,0.230,,left (W),jp_hatago_grand_furnished.p3d,+0.230,,,yes,
test\placements\C.csv,72,,JP\site\street\jp_s_gutter_board_1ken.p3d,prop,1028.04,25.000,1077.65,0.0,sunk 0.230 m,0.000,0.230,,left (W),jp_hatago_grand_furnished.p3d,+0.230,,,yes,
test\placements\C.csv,75,,JP\site\yard_life\jp_s_kaki_curtain_1ken.p3d,prop,943.00,27.529,1024.15,180.0,floats 1.945 m,1.945,0.000,,left (E),jp_farmhouse_kanto_yosemune_umaya_furnished.p3d,-1.945,,,yes,
test\placements\C.csv,79,,JP\site\yard_life\jp_s_kaki_curtain_half.p3d,prop,962.30,27.379,1024.09,180.0,floats 1.795 m,1.795,0.000,,front-left (SE),jp_farmhouse_kinai_kirizuma_tile_takahe_furnished.p3d,-1.795,,,yes,
test\placements\C.csv,87,,JP\site\street\jp_s_gutter_slab.p3d,prop,1044.21,25.000,1082.54,180.0,sunk 0.340 m,0.000,0.340,,back-left (NE),jp_townhouse_edo_3ken_middle_toril_kanamono.p3d,+0.340,,,yes,
test\placements\C.csv,88,,JP\site\street\jp_s_gutter_board_1ken.p3d,prop,1047.06,25.000,1082.54,180.0,sunk 0.230 m,0.000,0.230,,left (E),jp_townhouse_edo_3ken_middle_toril_kanamono.p3d,+0.230,,,yes,
test\placements\C.csv,90,,JP\site\street\jp_s_gutter_slab.p3d,prop,990.27,25.000,1082.54,180.0,sunk 0.340 m,0.000,0.340,,back-left (NE),jp_townhouse_kamigata_2ken_middle_torir_kamiya.p3d,+0.340,,,yes,
test\placements\C.csv,93,,JP\site\street\jp_s_gutter_slab.p3d,prop,1001.33,25.000,1082.54,180.0,sunk 0.340 m,0.000,0.340,,back-left (NE),jp_townhouse_kamigata_3ken_middle_toril_komeya.p3d,+0.340,,,yes,
test\placements\C.csv,94,,JP\site\street\jp_s_gutter_board_1ken.p3d,prop,1004.18,25.000,1082.54,180.0,sunk 0.230 m,0.000,0.230,,left (E),jp_townhouse_kamigata_3ken_endr_toril_mochiya.p3d,+0.230,,,yes,
test\placements\C.csv,96,,JP\site\street\jp_s_gutter_slab.p3d,prop,1038.62,25.000,1082.54,180.0,sunk 0.340 m,0.000,0.340,,back-left (NE),jp_townhouse_edo_3ken_endl_toril_kusuri.p3d,+0.340,,,yes,
test\placements\C.csv,97,,JP\site\street\jp_s_gutter_board_1ken.p3d,prop,1041.47,25.000,1082.54,180.0,sunk 0.230 m,0.000,0.230,,left (E),jp_townhouse_edo_3ken_endl_toril_kusuri.p3d,+0.230,,,yes,
test\placements\C.csv,99,,JP\site\street\jp_s_gutter_slab.p3d,prop,1051.85,25.000,1082.54,180.0,sunk 0.340 m,0.000,0.340,,back-left (NE),jp_townhouse_edo_2ken_middle_torir_gofuku.p3d,+0.340,,,yes,
test\placements\C.csv,101,,JP\site\street\jp_s_gutter_slab.p3d,prop,982.62,25.000,1082.54,180.0,sunk 0.340 m,0.000,0.340,,back-left (NE),jp_townhouse_kamigata_3ken_endl_toril.p3d,+0.340,,,yes,
test\placements\C.csv,102,,JP\site\street\jp_s_gutter_board_1ken.p3d,prop,985.47,25.000,1082.54,180.0,sunk 0.230 m,0.000,0.230,,left (E),jp_townhouse_kamigata_3ken_middle_toril_kyo_ningyo.p3d,+0.230,,,yes,
test\placements\C3.csv,2,,JP\site\street_life\jp_s_kago_ab_tipped.p3d,building,1016.00,25.000,1079.60,75.0,floats 0.044 m,0.044,-0.000,0.000,front (NE),,-0.044,,,,
test\placements\C3.csv,4,,JP\site\street_life\jp_s_travel_gear_ab_burst.p3d,building,1021.53,25.094,1081.04,200.0,floats 0.045 m,0.045,0.000,0.000,front (S),,-0.045,,,,
test\placements\C3.csv,6,,JP\site\street_life\jp_s_tenbin_spill_veg.p3d,building,999.80,25.000,1079.80,105.0,floats 0.050 m,0.050,-0.000,0.000,front (SE),,-0.050,,,,
test\placements\C3.csv,7,,JP\site\street_life\jp_s_tenbin_spill_fish.p3d,building,1051.80,25.000,1080.00,250.0,floats 0.050 m,0.050,-0.000,0.000,front-left (SW),,-0.050,,,,
test\placements\C3.csv,8,,JP\site\street_life\jp_s_lantern_fallen_chochin.p3d,hanging,1006.30,25.164,1080.59,40.0,hangs in mid-air: no host within 0.5 m,,,,,,,,,,move it onto the host (or add a hook memory point)
test\placements\C3.csv,9,,JP\site\street_life\jp_s_lantern_fallen_crushed.p3d,hanging,1047.14,25.145,1079.39,160.0,hangs in mid-air: no host within 0.5 m,,,,,,,,,,move it onto the host (or add a hook memory point)
test\placements\C3.csv,10,,JP\site\street_life\jp_s_amado_fallen.p3d,building,993.20,25.000,1081.00,95.0,floats 0.042 m,0.042,-0.000,0.000,front (E),jp_townhouse_kamigata_3ken_middle_toril_komeya.p3d,-0.042,,,,
test\placements\C3.csv,12,,JP\site\yard\jp_s_handcart_ab_broken.p3d,building,1038.50,25.000,1080.40,80.0,floats 0.049 m,0.049,0.000,0.000,front (E),jp_townhouse_edo_3ken_endl_toril_kusuri.p3d,-0.049,,,,
test\placements\C3.csv,13,,JP\site\yard_life\jp_s_leaf_pile_small.p3d,building,1057.03,25.080,1080.33,10.0,floats 0.050 m,0.050,0.000,0.000,back (S),,-0.050,,,,
test\placements\C3.csv,14,,JP\site\yard_life\jp_s_leaf_pile_ab_scattered.p3d,building,985.87,25.035,1080.04,0.0,floats 0.050 m,0.050,0.000,0.000,front-right (NE),,-0.050,,,,
test\placements\C3.csv,18,,JP\site\street\jp_s_lantern_sign_tsuji.p3d,hanging,1035.90,25.000,1082.90,180.0,hangs in mid-air: no host within 0.5 m,,,,,,,,,,move it onto the host (or add a hook memory point)
test\placements\C3.csv,21,,JP\site\roadside\jp_s_stone_jizo_bib.p3d,rock,1011.20,25.000,1085.00,180.0,base not sunk: highest contact point +0.135 m vs soil (needs <= -0.05),0.135,0.050,,back-right (NW),,-0.185,,,,
test\placements\C3.csv,24,,JP\site\street\jp_s_gutter_board_1ken.p3d,prop,978.04,25.000,1082.54,180.0,sunk 0.230 m,0.000,0.230,,left (E),jp_townhouse_kamigata_3ken_endl_toril.p3d,+0.230,,,yes,
test\placements\C3.csv,25,,JP\site\street\jp_s_gutter_board_1ken.p3d,prop,979.94,25.000,1082.54,180.0,sunk 0.230 m,0.000,0.230,,left (E),jp_townhouse_kamigata_3ken_endl_toril.p3d,+0.230,,,yes,
test\placements\C3.csv,26,,JP\site\street\jp_s_gutter_board_1ken.p3d,prop,996.30,25.000,1077.70,0.0,sunk 0.230 m,0.000,0.230,,left (W),jp_posttownhouse_row_middle.p3d,+0.230,,,yes,
test\placements\C3.csv,27,,JP\site\street\jp_s_gutter_board_1ken.p3d,prop,998.20,25.000,1077.70,0.0,sunk 0.230 m,0.000,0.230,,left (W),jp_posttownhouse_row_middle.p3d,+0.230,,,yes,
test\placements\C3.csv,28,,JP\site\street\jp_s_gutter_board_1ken.p3d,prop,1001.90,25.000,1077.70,0.0,sunk 0.230 m,0.000,0.230,,left (W),jp_posttownhouse_row_endl.p3d,+0.230,,,yes,
test\placements\C3.csv,29,,JP\site\street\jp_s_gutter_board_1ken.p3d,prop,1003.80,25.000,1077.70,0.0,sunk 0.230 m,0.000,0.230,,left (W),jp_posttownhouse_row_endl.p3d,+0.230,,,yes,
test\placements\C3.csv,38,,JP\site\yard\jp_s_straw_stack_ab_slumped.p3d,building,971.45,26.084,1036.63,0.0,floats 0.052 m,0.052,0.000,0.000,back-left (SW),jp_kura_kuro_hinged_furnished.p3d,-0.052,,,,
test\placements\C3.csv,40,,JP\site\yard_life\jp_s_scarecrow_kasa.p3d,prop,977.50,25.000,1004.00,300.0,sunk 0.350 m,0.000,0.350,,centre,,+0.350,,,yes,
test\placements\C3.csv,46,,JP\site\yard_life\jp_s_stable_yard_tie_post.p3d,prop,931.00,25.000,1021.50,90.0,sunk 0.400 m,0.000,0.400,,back-left (NW),,+0.400,,,yes,
test\placements\C3.csv,48,,JP\site\yard_life\jp_s_stable_yard_trough_stone.p3d,prop,930.80,25.000,1018.50,90.0,sunk 0.050 m,0.000,0.050,,left (N),,+0.050,,,yes,
test\placements\C3.csv,51,,JP\site\yard_life\jp_s_leaf_pile_broom.p3d,building,947.53,25.080,1008.41,0.0,floats 0.050 m,0.050,-0.000,0.000,front (N),,-0.050,,,,
test\placements\C3.csv,52,,JP\site\yard_life\jp_s_ladder_ab_fallen.p3d,building,968.40,25.000,1008.60,60.0,floats 0.049 m,0.049,-0.000,0.000,front-left (NE),,-0.049,,,,
test\placements\C3.csv,54,,JP\site\roadside\jp_s_stone_jizo_offer.p3d,rock,978.30,25.000,1029.00,270.0,base not sunk: highest contact point +0.135 m vs soil (needs <= -0.05),0.135,0.050,,back-right (NE),,-0.185,,,,
test\placements\C3.csv,55,,JP\site\roadside\jp_s_stele_koshin.p3d,prop,978.30,25.000,1031.00,270.0,sunk 0.060 m,0.000,0.060,,back-left (SE),,+0.060,,,yes,
test\placements\D3.csv,33,,JP\site\shrine\jp_s_stone_lantern_kasuga_18_moss.p3d,hanging,1062.60,25.000,1117.70,180.0,hangs in mid-air: no host within 0.5 m,,,,,,,,,,move it onto the host (or add a hook memory point)
test\placements\FX2.csv,2,,JP\site\shrine\jp_s_komainu_b_un.p3d,prop,1021.45,25.000,1102.10,165.0,sunk 0.060 m,0.000,0.060,,back-left (NE),,+0.060,,,yes,
test\placements\FX2.csv,3,,JP\site\shrine\jp_s_komainu_b_a.p3d,prop,1026.55,25.000,1102.10,195.0,sunk 0.060 m,0.000,0.060,,back-left (NE),,+0.060,,,yes,
test\placements\FX2.csv,4,,JP\site\shrine\jp_s_komainu_a_un.p3d,prop,1021.30,25.218,1138.90,165.0,sunk 0.096 m,0.000,0.096,,front-right (SW),,+0.078,,,yes,
test\placements\FX2.csv,5,,JP\site\shrine\jp_s_komainu_a_a.p3d,prop,1026.70,25.218,1138.90,195.0,sunk 0.096 m,0.000,0.096,,front-left (SE),,+0.078,,,yes,
test\placements\FX2.csv,6,,JP\site\shrine\jp_s_komainu_a_un_moss.p3d,prop,942.80,25.000,1059.50,165.0,sunk 0.060 m,0.000,0.060,,back-left (NE),,+0.060,,,yes,
test\placements\FX2.csv,7,,JP\site\shrine\jp_s_komainu_a_a_moss.p3d,prop,947.20,25.000,1059.50,195.0,sunk 0.060 m,0.000,0.060,,back-left (NE),,+0.060,,,yes,
test\placements\FX2.csv,8,,JP\site\shrine\jp_s_kitsune_key.p3d,prop,1056.20,33.030,1223.90,165.0,sunk 0.277 m,0.000,0.277,,front-right (SW),,+0.169,-13.7,-3.4,,uneven support: tilt to the surface
test\placements\FX2.csv,9,,JP\site\shrine\jp_s_kitsune_jewel.p3d,prop,1059.80,33.004,1223.90,195.0,sunk 0.281 m,0.000,0.281,,front-left (SE),,+0.171,-13.3,+4.1,,uneven support: tilt to the surface
test\placements\FX2.csv,10,,JP\site\shrine\jp_s_stone_lantern_kasuga_18_moss.p3d,hanging,1056.00,32.398,1221.40,90.0,hangs in mid-air: no host within 0.5 m,,,,,,,,,,move it onto the host (or add a hook memory point)
test\placements\FX2.csv,11,,JP\site\shrine\jp_s_stone_lantern_kasuga_18_moss.p3d,hanging,1060.00,32.355,1221.40,270.0,hangs in mid-air: no host within 0.5 m,,,,,,,,,,move it onto the host (or add a hook memory point)
test\placements\SH1.csv,2,,JP\site\shrine\jp_s_torii_stone_l.p3d,rock,1024.00,25.000,1099.50,180.0,base not sunk: highest contact point +0.507 m vs soil (needs <= -0.05),0.507,0.103,,left (E),,-0.557,,,,
test\placements\SH1.csv,5,,JP\site\shrine\jp_s_stone_lantern_kasuga_18.p3d,hanging,1021.00,25.000,1122.00,90.0,hangs in mid-air: no host within 0.5 m,,,,,,,,,,move it onto the host (or add a hook memory point)
test\placements\SH1.csv,6,,JP\site\shrine\jp_s_stone_lantern_kasuga_18.p3d,hanging,1027.00,25.000,1122.00,270.0,hangs in mid-air: no host within 0.5 m,,,,,,,,,,move it onto the host (or add a hook memory point)
test\placements\SH1.csv,7,,JP\site\roadside\jp_s_stele_group3.p3d,prop,1016.60,25.000,1125.00,90.0,sunk 0.128 m,0.000,0.128,,right (S),,+0.125,,,yes,
test\placements\SH1.csv,8,,JP\site\roadside\jp_s_stele_koshin.p3d,prop,1017.20,25.016,1127.60,90.0,sunk 0.062 m,0.000,0.062,,back-right (SW),,+0.061,,,yes,
test\placements\SH1.csv,9,,JP\site\roadside\jp_s_stele_relief_panel.p3d,prop,1017.10,25.031,1129.20,90.0,sunk 0.058 m,0.000,0.058,,back-right (SW),,+0.054,,,yes,
test\placements\SH1.csv,10,,JP\site\roadside\jp_s_stele_arched.p3d,prop,1017.00,25.052,1130.70,90.0,sunk 0.056 m,0.000,0.056,,back-right (SW),,+0.053,,,yes,
test\placements\SH1.csv,11,,JP\site\roadside\jp_s_stele_round.p3d,prop,1015.60,25.023,1128.60,90.0,sunk 0.087 m,0.000,0.087,,right (S),,+0.084,,,yes,
test\placements\SH1.csv,12,,JP\site\roadside\jp_s_stele_pillar.p3d,prop,1015.40,25.013,1126.90,90.0,sunk 0.252 m,0.000,0.252,,back-right (SW),,+0.251,,,yes,
test\placements\SH1.csv,13,,JP\site\roadside\jp_s_stele_ab_tipped.p3d,prop,1015.00,25.053,1131.60,60.0,sunk 0.337 m,0.000,0.337,,back-left (W),,+0.337,,,yes,
test\placements\SH1.csv,14,,JP\site\roadside\jp_s_stele_natural_slab.p3d,prop,1015.10,25.000,1123.40,100.0,sunk 0.120 m,0.000,0.120,,front-left (NE),,+0.120,,,yes,
test\placements\SH1.csv,15,,JP\site\shrine\jp_s_torii_stone_l_rope_shide.p3d,rock,1024.00,25.158,1136.50,180.0,base not sunk: highest contact point +0.501 m vs soil (needs <= -0.05),0.501,0.119,,left (E),,-0.551,,,,
test\placements\SH1.csv,16,,JP\site\shrine\jp_s_chozubachi_large.p3d,prop,1019.00,25.259,1140.50,90.0,sunk 0.108 m,0.000,0.108,,back-right (SW),,+0.084,+0.0,-1.8,,uneven support: tilt to the surface
test\placements\SH1.csv,17,,JP\site\shrine\jp_s_stone_lantern_kasuga_24.p3d,hanging,1021.00,25.362,1143.50,90.0,hangs in mid-air: no host within 0.5 m,,,,,,,,,,move it onto the host (or add a hook memory point)
test\placements\SH1.csv,18,,JP\site\shrine\jp_s_stone_lantern_kasuga_24.p3d,hanging,1027.00,25.362,1143.50,270.0,hangs in mid-air: no host within 0.5 m,,,,,,,,,,move it onto the host (or add a hook memory point)
test\placements\SH1.csv,19,,JP\site\shrine\jp_s_stone_lantern_square_24.p3d,hanging,1021.00,25.585,1149.50,90.0,hangs in mid-air: no host within 0.5 m,,,,,,,,,,move it onto the host (or add a hook memory point)
test\placements\SH1.csv,20,,JP\site\shrine\jp_s_stone_lantern_square_24.p3d,hanging,1027.00,25.585,1149.50,270.0,hangs in mid-air: no host within 0.5 m,,,,,,,,,,move it onto the host (or add a hook memory point)
test\placements\SH1.csv,21,,JP\site\shrine\jp_s_stone_lantern_kasuga_24_moss.p3d,hanging,1021.00,25.820,1155.50,90.0,hangs in mid-air: no host within 0.5 m,,,,,,,,,,move it onto the host (or add a hook memory point)
test\placements\SH1.csv,22,,JP\site\shrine\jp_s_stone_lantern_kasuga_24_moss.p3d,hanging,1027.00,25.820,1155.50,270.0,hangs in mid-air: no host within 0.5 m,,,,,,,,,,move it onto the host (or add a hook memory point)
test\placements\SH1.csv,24,,JP\site\shrine\jp_s_stone_lantern_square_24_moss.p3d,hanging,1021.00,26.265,1166.00,90.0,hangs in mid-air: no host within 0.5 m,,,,,,,,,,move it onto the host (or add a hook memory point)
test\placements\SH1.csv,25,,JP\site\shrine\jp_s_stone_lantern_square_24_moss.p3d,hanging,1027.00,26.265,1166.00,270.0,hangs in mid-air: no host within 0.5 m,,,,,,,,,,move it onto the host (or add a hook memory point)
test\placements\SH1.csv,26,,JP\site\shrine\jp_s_stone_lantern_kasuga_18_moss.p3d,hanging,1021.00,26.508,1172.00,90.0,hangs in mid-air: no host within 0.5 m,,,,,,,,,,move it onto the host (or add a hook memory point)
test\placements\SH1.csv,27,,JP\site\shrine\jp_s_stone_lantern_ab_hoju_moss.p3d,hanging,1027.00,26.471,1172.00,270.0,hangs in mid-air: no host within 0.5 m,,,,,,,,,,move it onto the host (or add a hook memory point)
test\placements\SH1.csv,28,,JP\site\shrine\jp_s_stone_lantern_kasuga_30.p3d,hanging,1020.80,26.743,1178.00,90.0,hangs in mid-air: no host within 0.5 m,,,,,,,,,,move it onto the host (or add a hook memory point)
test\placements\SH1.csv,29,,JP\site\shrine\jp_s_stone_lantern_kasuga_30.p3d,hanging,1027.20,26.743,1178.00,270.0,hangs in mid-air: no host within 0.5 m,,,,,,,,,,move it onto the host (or add a hook memory point)
test\placements\SH1.csv,30,,JP\site\shrine\jp_s_stone_lantern_joyato.p3d,hanging,1019.00,27.008,1183.00,90.0,hangs in mid-air: no host within 0.5 m,,,,,,,,,,move it onto the host (or add a hook memory point)
test\placements\SH1.csv,31,,JP\site\shrine\jp_s_stone_lantern_joyato.p3d,hanging,1029.00,27.006,1183.00,270.0,hangs in mid-air: no host within 0.5 m,,,,,,,,,,move it onto the host (or add a hook memory point)
test\placements\SH1.csv,32,,JP\site\shrine\jp_s_stone_lantern_oki.p3d,hanging,1021.80,27.145,1184.60,90.0,hangs in mid-air: no host within 0.5 m,,,,,,,,,,move it onto the host (or add a hook memory point)
test\placements\SH1.csv,33,,JP\site\shrine\jp_s_stone_lantern_oki_moss.p3d,hanging,1026.20,27.139,1184.60,270.0,hangs in mid-air: no host within 0.5 m,,,,,,,,,,move it onto the host (or add a hook memory point)
test\placements\SH1.csv,35,,JP\site\roadside\jp_s_shimenawa_wrap_d06.p3d,prop,1033.33,29.665,1198.18,0.0,floats 0.733 m,0.733,0.000,,front (N),,-0.732,,,yes,
test\placements\SH1.csv,37,,JP\site\roadside\jp_s_jizo_hut_stone_roof.p3d,rock,1038.20,25.411,1145.00,270.0,base not sunk: highest contact point +0.029 m vs soil (needs <= -0.05),0.029,0.117,,left (S),,-0.079,,,,
test\placements\SH1.csv,39,,JP\site\roadside\jp_s_stele_natural_slab.p3d,prop,1037.85,25.572,1149.00,270.0,sunk 0.144 m,0.000,0.144,,front-left (SW),,+0.132,,,yes,
test\placements\SH1.csv,41,,JP\site\roadside\jp_s_jizo_hut_stone_roof.p3d,rock,1038.00,25.721,1153.00,270.0,base not sunk: highest contact point +0.026 m vs soil (needs <= -0.05),0.026,0.122,,left (S),,-0.076,,,,
test\placements\SH1.csv,42,,JP\site\shrine\jp_s_torii_stone_s.p3d,rock,1036.00,25.859,1157.00,270.0,base not sunk: highest contact point +0.347 m vs soil (needs <= -0.05),0.347,0.223,,left (S),,-0.397,,,,
test\placements\SH1.csv,43,,JP\site\roadside\jp_s_stele_round.p3d,prop,1037.60,25.902,1157.00,270.0,sunk 0.104 m,0.000,0.104,,left (S),,+0.093,,,yes,
test\placements\SH1.csv,44,,JP\site\shrine\jp_s_torii_stone_s_rope.p3d,rock,1036.25,26.029,1161.00,270.0,base not sunk: highest contact point +0.348 m vs soil (needs <= -0.05),0.348,0.222,,left (S),,-0.398,,,,
test\placements\SH1.csv,45,,JP\site\roadside\jp_s_jizo_hut_stone_roof.p3d,rock,1038.45,26.059,1161.00,270.0,base not sunk: highest contact point +0.025 m vs soil (needs <= -0.05),0.025,0.123,,left (S),,-0.075,,,,
test\placements\SH1.csv,46,,JP\site\shrine\jp_s_torii_stone_s_rope_shide.p3d,rock,1035.80,26.199,1165.00,270.0,base not sunk: highest contact point +0.347 m vs soil (needs <= -0.05),0.347,0.219,,left (S),,-0.397,,,,
test\placements\SH1.csv,47,,JP\site\roadside\jp_s_stele_natural_slab.p3d,prop,1037.40,26.242,1165.00,270.0,sunk 0.144 m,0.000,0.144,,front-left (SW),,+0.132,,,yes,
test\placements\SH1.csv,49,,JP\site\roadside\jp_s_jizo_hut_stone_roof.p3d,rock,1038.20,26.393,1169.00,270.0,base not sunk: highest contact point +0.028 m vs soil (needs <= -0.05),0.028,0.119,,left (S),,-0.078,,,,
test\placements\SH1.csv,51,,JP\site\roadside\jp_s_stele_arched.p3d,prop,1037.85,26.559,1173.00,270.0,sunk 0.070 m,0.000,0.070,,back-left (SE),,+0.060,,,yes,
test\placements\SH1.csv,53,,JP\site\roadside\jp_s_jizo_hut_stone_roof.p3d,rock,1038.00,26.698,1177.00,270.0,base not sunk: highest contact point +0.022 m vs soil (needs <= -0.05),0.022,0.128,,left (S),,-0.072,,,,
test\placements\SH1.csv,54,,JP\site\shrine\jp_s_torii_stone_s_moss.p3d,rock,1036.00,26.856,1181.00,270.0,base not sunk: highest contact point +0.509 m vs soil (needs <= -0.05),0.509,0.277,,left (S),,-0.559,,,,
test\placements\SH1.csv,55,,JP\site\roadside\jp_s_stele_natural_slab.p3d,prop,1037.60,26.915,1181.00,270.0,sunk 0.157 m,0.000,0.157,,front-left (SW),,+0.139,,,yes,
test\placements\SH1.csv,56,,JP\site\shrine\jp_s_torii_stone_s_moss_rope_shide.p3d,rock,1036.25,27.101,1185.00,270.0,base not sunk: highest contact point +0.506 m vs soil (needs <= -0.05),0.506,0.320,,left (S),,-0.556,,,,
test\placements\SH1.csv,57,,JP\site\roadside\jp_s_jizo_hut_stone_roof.p3d,rock,1038.45,27.151,1185.00,270.0,base not sunk: highest contact point +0.006 m vs soil (needs <= -0.05),0.006,0.158,,left (S),,-0.056,,,,
test\placements\SH1.csv,59,,JP\site\roadside\jp_s_jizo_hut_ab_open.p3d,prop,1038.00,27.430,1189.00,270.0,sunk 0.240 m,0.000,0.240,,left (S),,+0.203,+0.0,+5.2,,uneven support: tilt to the surface
test\placements\SH1.csv,60,,JP\site\shrine\jp_s_torii_wood_mini.p3d,prop,1037.15,25.417,1145.00,270.0,sunk 0.069 m,0.000,0.069,,left (S),,+0.056,,,yes,
test\placements\SH1.csv,61,,JP\site\shrine\jp_s_torii_wood_mini_rope.p3d,prop,1036.65,26.067,1161.00,270.0,sunk 0.073 m,0.000,0.073,,left (S),,+0.058,,,yes,
test\placements\SH1.csv,62,,JP\site\shrine\jp_s_stone_lantern_kasuga_30_moss.p3d,hanging,1030.82,29.425,1206.10,116.1,hangs in mid-air: no host within 0.5 m,,,,,,,,,,move it onto the host (or add a hook memory point)
test\placements\SH1.csv,63,,JP\site\shrine\jp_s_stone_lantern_ab_toppled.p3d,hanging,1036.04,28.840,1203.56,331.1,hangs in mid-air: no host within 0.5 m,,,,,,,,,,move it onto the host (or add a hook memory point)
test\placements\SH1.csv,64,,JP\site\shrine\jp_s_stone_lantern_kasuga_18_moss.p3d,hanging,1034.34,30.708,1213.30,116.1,hangs in mid-air: no host within 0.5 m,,,,,,,,,,move it onto the host (or add a hook memory point)
test\placements\SH1.csv,65,,JP\site\shrine\jp_s_stone_lantern_kasuga_18_moss.p3d,hanging,1038.66,30.282,1211.20,296.1,hangs in mid-air: no host within 0.5 m,,,,,,,,,,move it onto the host (or add a hook memory point)
test\placements\SH1.csv,66,,JP\site\shrine\jp_s_stone_lantern_square_24_moss.p3d,hanging,1037.64,32.078,1220.05,116.1,hangs in mid-air: no host within 0.5 m,,,,,,,,,,move it onto the host (or add a hook memory point)
test\placements\SH1.csv,67,,JP\site\shrine\jp_s_stone_lantern_square_24_moss.p3d,hanging,1041.96,31.586,1217.95,296.1,hangs in mid-air: no host within 0.5 m,,,,,,,,,,move it onto the host (or add a hook memory point)
test\placements\SH1.csv,68,,JP\site\shrine\jp_s_torii_wood_ab_leaning.p3d,building,1047.00,29.086,1205.50,195.0,terrain 0.435 m above its ground line,0.000,0.570,0.435,left (E),,+0.135,,,,
test\placements\SH1.csv,69,,JP\site\shrine\jp_s_torii_stone_l_rope_shide.p3d,rock,1042.00,33.646,1226.00,180.0,base not sunk: highest contact point +0.449 m vs soil (needs <= -0.05),0.449,0.315,,left (E),,-0.499,,,,
test\placements\SH1.csv,73,,JP\site\shrine\jp_s_stone_steps_landing_wide.p3d,rock,1042.00,34.595,1228.51,180.0,base not sunk: highest contact point -0.027 m vs soil (needs <= -0.05),0.000,0.551,,left (E),,-0.023,,,,
test\placements\SH1.csv,77,,JP\site\shrine\jp_s_stone_steps_landing_wide.p3d,rock,1042.00,35.075,1230.22,180.0,base not sunk: highest contact point -0.031 m vs soil (needs <= -0.05),0.000,0.555,,left (E),,-0.019,,,,
test\placements\SH1.csv,79,,JP\site\shrine\jp_s_stone_steps_landing.p3d,rock,1042.00,35.555,1231.93,180.0,base not sunk: highest contact point -0.037 m vs soil (needs <= -0.05),0.000,0.586,,left (E),,-0.013,,,,
test\placements\SH1.csv,81,,JP\site\shrine\jp_s_stone_steps_landing.p3d,rock,1042.00,36.035,1233.54,180.0,base not sunk: highest contact point -0.037 m vs soil (needs <= -0.05),0.000,0.588,,left (E),,-0.013,,,,
test\placements\SH1.csv,83,,JP\site\shrine\jp_s_stone_steps_landing.p3d,rock,1042.00,36.515,1235.10,180.0,base not sunk: highest contact point -0.023 m vs soil (needs <= -0.05),0.000,0.592,,left (E),,-0.027,,,,
test\placements\SH1.csv,85,,JP\site\shrine\jp_s_stone_steps_landing.p3d,rock,1042.00,36.995,1236.71,180.0,base not sunk: highest contact point -0.036 m vs soil (needs <= -0.05),0.000,0.623,,left (E),,-0.014,,,,
test\placements\SH1.csv,87,,JP\site\shrine\jp_s_stone_steps_landing.p3d,rock,1042.00,37.475,1238.17,180.0,base not sunk: highest contact point -0.018 m vs soil (needs <= -0.05),0.000,0.606,,left (E),,-0.032,,,,
test\placements\SH1.csv,89,,JP\site\shrine\jp_s_stone_steps_landing.p3d,rock,1042.00,37.955,1239.73,180.0,base not sunk: highest contact point -0.031 m vs soil (needs <= -0.05),0.000,0.652,,left (E),,-0.019,,,,
test\placements\SH1.csv,91,,JP\site\shrine\jp_s_stone_steps_landing.p3d,rock,1042.00,38.435,1241.14,180.0,base not sunk: highest contact point -0.020 m vs soil (needs <= -0.05),0.000,0.649,,left (E),,-0.030,,,,
test\placements\SH1.csv,93,,JP\site\shrine\jp_s_stone_steps_landing.p3d,rock,1042.00,38.915,1242.60,180.0,base not sunk: highest contact point -0.031 m vs soil (needs <= -0.05),0.000,0.669,,left (E),,-0.019,,,,
test\placements\SH1.csv,95,,JP\site\shrine\jp_s_stone_steps_landing.p3d,rock,1042.00,39.395,1244.01,180.0,base not sunk: highest contact point -0.025 m vs soil (needs <= -0.05),0.000,0.690,,left (E),,-0.025,,,,
test\placements\SH1.csv,97,,JP\site\shrine\jp_s_stone_steps_landing.p3d,rock,1042.00,39.875,1245.37,180.0,base not sunk: highest contact point -0.024 m vs soil (needs <= -0.05),0.000,0.692,,left (E),,-0.026,,,,
test\placements\SH1.csv,99,,JP\site\shrine\jp_s_stone_steps_landing.p3d,rock,1042.00,40.355,1246.73,180.0,base not sunk: highest contact point -0.025 m vs soil (needs <= -0.05),0.000,0.705,,left (E),,-0.025,,,,
test\placements\SH1.csv,101,,JP\site\shrine\jp_s_stone_steps_landing.p3d,rock,1042.00,40.835,1248.04,180.0,base not sunk: highest contact point -0.008 m vs soil (needs <= -0.05),0.000,0.714,,left (E),,-0.042,,,,
test\placements\SH1.csv,103,,JP\site\shrine\jp_s_stone_steps_landing.p3d,rock,1042.00,41.315,1249.35,180.0,base not sunk: highest contact point -0.012 m vs soil (needs <= -0.05),0.000,0.722,,left (E),,-0.038,,,,
test\placements\SH1.csv,105,,JP\site\shrine\jp_s_stone_steps_landing.p3d,rock,1042.00,41.795,1250.66,180.0,base not sunk: highest contact point -0.016 m vs soil (needs <= -0.05),0.000,0.739,,left (E),,-0.034,,,,
test\placements\SH1.csv,107,,JP\site\shrine\jp_s_stone_steps_landing.p3d,rock,1042.00,42.755,1253.08,180.0,base not sunk: highest contact point +0.030 m vs soil (needs <= -0.05),0.030,0.725,,left (E),,-0.080,,,,
test\placements\SH1.csv,109,,JP\site\shrine\jp_s_stone_steps_landing.p3d,rock,1042.00,43.235,1254.39,180.0,base not sunk: highest contact point +0.003 m vs soil (needs <= -0.05),0.003,0.759,,left (E),,-0.053,,,,
test\placements\SH1.csv,111,,JP\site\shrine\jp_s_stone_steps_landing.p3d,rock,1042.00,44.195,1256.76,180.0,base not sunk: highest contact point +0.037 m vs soil (needs <= -0.05),0.037,0.748,,left (E),,-0.087,,,,
test\placements\SH1.csv,113,,JP\site\shrine\jp_s_stone_steps_landing.p3d,rock,1042.00,44.675,1258.07,180.0,base not sunk: highest contact point -0.003 m vs soil (needs <= -0.05),0.000,0.792,,left (E),,-0.047,,,,
test\placements\SH1.csv,117,,JP\site\shrine\jp_s_stone_steps_landing.p3d,rock,1042.00,45.635,1260.39,180.0,base not sunk: highest contact point +0.031 m vs soil (needs <= -0.05),0.031,0.779,,left (E),,-0.081,,,,
test\placements\SH1.csv,118,,JP\site\shrine\jp_s_stone_steps_dressed_6_wide.p3d,rock,1042.00,45.635,1260.94,180.0,base not sunk: highest contact point -0.009 m vs soil (needs <= -0.05),0.000,0.365,,left (E),,-0.041,,,,
test\placements\SH1.csv,124,,JP\site\shrine\jp_s_torii_stone_l.p3d,rock,1042.00,46.635,1263.96,180.0,base not sunk: highest contact point +0.402 m vs soil (needs <= -0.05),0.402,0.600,,left (E),,-0.452,,,,
test\placements\SH1.csv,126,,JP\site\shrine\jp_s_stone_lantern_oki_moss.p3d,hanging,1040.40,47.462,1265.56,180.0,hangs in mid-air: no host within 0.5 m,,,,,,,,,,move it onto the host (or add a hook memory point)
test\placements\SH1.csv,127,,JP\site\shrine\jp_s_stone_lantern_oki_moss.p3d,hanging,1043.60,47.317,1265.56,180.0,hangs in mid-air: no host within 0.5 m,,,,,,,,,,move it onto the host (or add a hook memory point)
test\placements\SH1.csv,128,,JP\site\shrine\jp_s_chozubachi_natural.p3d,prop,1045.10,46.362,1263.36,180.0,sunk 0.389 m,0.000,0.389,,front (S),,+0.258,-22.0,+2.0,,uneven support: tilt to the surface
test\placements\SH1.csv,131,,JP\site\shrine\jp_s_stone_steps_landing.p3d,rock,1058.00,34.406,1228.21,180.0,base not sunk: highest contact point -0.010 m vs soil (needs <= -0.05),0.000,0.536,,left (E),,-0.040,,,,
test\placements\SH1.csv,133,,JP\site\shrine\jp_s_stone_steps_landing.p3d,rock,1058.00,34.886,1230.02,180.0,base not sunk: highest contact point -0.032 m vs soil (needs <= -0.05),0.000,0.560,,left (E),,-0.018,,,,
test\placements\SH1.csv,135,,JP\site\shrine\jp_s_stone_steps_landing.p3d,rock,1058.00,35.366,1231.68,180.0,base not sunk: highest contact point -0.012 m vs soil (needs <= -0.05),0.000,0.569,,left (E),,-0.038,,,,
test\placements\SH1.csv,137,,JP\site\shrine\jp_s_stone_steps_landing.p3d,rock,1058.00,35.846,1233.39,180.0,base not sunk: highest contact point -0.033 m vs soil (needs <= -0.05),0.000,0.597,,left (E),,-0.017,,,,
test\placements\SH1.csv,139,,JP\site\shrine\jp_s_stone_steps_landing.p3d,rock,1058.00,36.326,1234.95,180.0,base not sunk: highest contact point -0.014 m vs soil (needs <= -0.05),0.000,0.590,,left (E),,-0.036,,,,
test\placements\SH1.csv,141,,JP\site\shrine\jp_s_stone_steps_landing.p3d,rock,1058.00,36.806,1236.56,180.0,base not sunk: highest contact point -0.018 m vs soil (needs <= -0.05),0.000,0.609,,left (E),,-0.032,,,,
test\placements\SH1.csv,143,,JP\site\shrine\jp_s_stone_steps_landing.p3d,rock,1058.00,37.286,1238.12,180.0,base not sunk: highest contact point -0.020 m vs soil (needs <= -0.05),0.000,0.612,,left (E),,-0.030,,,,
test\placements\SH1.csv,145,,JP\site\shrine\jp_s_stone_steps_landing.p3d,rock,1058.00,37.766,1239.68,180.0,base not sunk: highest contact point -0.022 m vs soil (needs <= -0.05),0.000,0.633,,left (E),,-0.028,,,,
test\placements\SH1.csv,147,,JP\site\shrine\jp_s_torii_wood_ab_leaning_shu.p3d,building,1062.50,30.275,1213.00,165.0,terrain 0.508 m above its ground line,0.000,0.642,0.508,right (W),,+0.208,,,,
test\placements\SH1.csv,148,,JP\site\shrine\jp_s_torii_wood_mini_shu.p3d,prop,1058.00,38.091,1241.23,180.0,sunk 0.083 m,0.000,0.083,,left (E),,+0.065,,,yes,
test\placements\SH1.csv,150,,JP\site\shrine\jp_s_chozubachi_ab_dry.p3d,prop,1055.60,37.345,1239.63,180.0,sunk 0.482 m,0.000,0.482,,front-left (SE),,+0.392,-17.3,+0.7,,uneven support: tilt to the surface
test\placements\SH1.csv,151,,JP\site\shrine\jp_s_torii_fallen_stone_quake.p3d,rock,1052.00,26.408,1172.00,270.0,base not sunk: highest contact point -0.016 m vs soil (needs <= -0.05),0.000,0.258,,front-left (SW),,-0.034,,,,
test\placements\SH1.csv,152,,JP\site\shrine\jp_s_torii_fallen_stone_quake_old.p3d,rock,1003.00,25.483,1150.00,180.0,base not sunk: highest contact point +0.003 m vs soil (needs <= -0.05),0.003,0.232,,front (S),,-0.053,,,,
test\placements\SH1.csv,153,,JP\site\shrine\jp_s_torii_fallen_myojin_typhoon.p3d,building,1008.00,26.565,1178.00,135.0,terrain 0.415 m above its ground line,0.000,0.409,0.415,right (SW),,+0.115,,,,
test\placements\SH1.csv,154,,JP\site\shrine\jp_s_torii_fallen_shinmei_rot.p3d,building,1056.00,27.122,1188.00,200.0,terrain 0.332 m above its ground line,0.000,0.470,0.332,left (SE),,+0.032,,,,
test\placements\SH1.csv,155,,JP\site\shrine\jp_s_torii_fallen_shu_snapped.p3d,building,1066.00,27.294,1190.00,170.0,terrain 0.336 m above its ground line,0.000,0.455,0.336,right (W),,+0.036,,,,
test\placements\SH1.csv,156,,JP\site\grave\jp_s_grave_wood_bohyo_new.p3d,prop,990.94,25.000,1109.37,180.2,sunk 0.201 m,0.000,0.201,,back (N),,+0.200,,,yes,
test\placements\SH1.csv,157,,JP\site\grave\jp_s_grave_wood_bohyo.p3d,prop,992.12,25.000,1109.20,185.0,sunk 0.206 m,0.000,0.206,,back (N),,+0.206,,,yes,
test\placements\SH1.csv,158,,JP\site\grave\jp_s_grave_stones_field_mound.p3d,prop,994.35,25.000,1109.37,186.3,sunk 0.100 m,0.000,0.100,,back (N),,+0.100,,,yes,
test\placements\SH1.csv,159,,JP\site\grave\jp_s_grave_wood_bohyo_s.p3d,prop,995.52,25.000,1109.36,170.8,sunk 0.203 m,0.000,0.203,,back (N),,+0.200,,,yes,
test\placements\SH1.csv,160,,JP\site\grave\jp_s_grave_stones_round_s_plain.p3d,prop,996.88,25.000,1109.83,170.1,sunk 0.080 m,0.000,0.080,,back-left (NE),,+0.080,,,yes,
test\placements\SH1.csv,161,,JP\site\grave\jp_s_grave_wood_ab_bohyo_rotted.p3d,prop,998.01,24.982,1109.19,174.5,sunk 0.205 m,0.000,0.205,,back (N),,+0.203,,,yes,
test\placements\SH1.csv,162,,JP\site\grave\jp_s_grave_stones_round.p3d,prop,999.00,25.000,1109.86,190.2,sunk 0.050 m,0.000,0.050,,back-left (NE),,+0.050,,,yes,
test\placements\SH1.csv,163,,JP\site\grave\jp_s_grave_wood_sotoba_x3.p3d,prop,998.96,25.523,1110.17,186.4,sunk 0.153 m,0.000,0.153,,left (E),,+0.152,,,yes,
test\placements\SH1.csv,164,,JP\site\grave\jp_s_grave_stones_round.p3d,prop,1001.49,25.000,1109.85,179.5,sunk 0.050 m,0.000,0.050,,back-left (NE),,+0.050,,,yes,
test\placements\SH1.csv,165,,JP\site\grave\jp_s_grave_stones_boat_halo_child.p3d,prop,1002.53,25.000,1109.93,183.0,sunk 0.060 m,0.000,0.060,,back-left (NE),,+0.060,,,yes,
test\placements\SH1.csv,166,,JP\site\grave\jp_s_grave_wood_tubes.p3d,prop,1002.53,25.000,1109.61,180.0,sunk 0.050 m,0.000,0.050,,left (E),,+0.050,,,yes,
test\placements\SH1.csv,167,,JP\site\grave\jp_s_grave_stones_round.p3d,prop,1004.87,25.000,1109.87,169.7,sunk 0.050 m,0.000,0.050,,back-left (NE),,+0.050,,,yes,
test\placements\SH1.csv,168,,JP\site\grave\jp_s_grave_wood_sotoba_x3.p3d,prop,1004.93,25.523,1110.19,177.4,sunk 0.153 m,0.000,0.153,,left (E),,+0.152,,,yes,
test\placements\SH1.csv,169,,JP\site\grave\jp_s_grave_wood_bohyo_roof.p3d,prop,1006.15,25.000,1109.33,187.6,sunk 0.203 m,0.000,0.203,,back (N),,+0.201,,,yes,
test\placements\SH1.csv,170,,JP\site\grave\jp_s_grave_stones_boat_halo.p3d,prop,1007.04,25.000,1109.95,177.4,sunk 0.050 m,0.000,0.050,,back-left (NE),,+0.050,,,yes,
test\placements\SH1.csv,171,,JP\site\grave\jp_s_grave_stones_round_s_plain.p3d,prop,1008.44,25.000,1109.97,172.0,sunk 0.080 m,0.000,0.080,,back-left (NE),,+0.080,,,yes,
test\placements\SH1.csv,172,,JP\site\grave\jp_s_grave_stones_field.p3d,prop,990.96,25.000,1112.61,191.5,sunk 0.141 m,0.000,0.141,,back-left (E),,+0.141,,,yes,
test\placements\SH1.csv,173,,JP\site\grave\jp_s_grave_stones_field_pair.p3d,prop,992.19,25.000,1112.72,181.6,sunk 0.122 m,0.000,0.122,,right (W),,+0.122,,,yes,
test\placements\SH1.csv,174,,JP\site\grave\jp_s_grave_wood_bohyo_s.p3d,prop,993.44,25.000,1112.06,175.8,sunk 0.203 m,0.000,0.203,,back (N),,+0.200,,,yes,
test\placements\SH1.csv,175,,JP\site\grave\jp_s_grave_wood_ab_bohyo_lean.p3d,prop,994.58,25.000,1111.97,175.9,sunk 0.259 m,0.000,0.259,,back (N),,+0.259,,,yes,
test\placements\SH1.csv,176,,JP\site\grave\jp_s_grave_stones_boat_halo.p3d,prop,996.87,25.000,1112.59,189.5,sunk 0.050 m,0.000,0.050,,back-left (NE),,+0.050,,,yes,
test\placements\SH1.csv,177,,JP\site\grave\jp_s_grave_stones_field_mound.p3d,prop,998.00,25.000,1112.00,184.3,sunk 0.100 m,0.000,0.100,,back (N),,+0.100,,,yes,
test\placements\SH1.csv,178,,JP\site\grave\jp_s_grave_stones_board.p3d,prop,999.13,25.000,1112.72,178.7,sunk 0.050 m,0.000,0.050,,back-left (NE),,+0.050,,,yes,
test\placements\SH1.csv,179,,JP\site\grave\jp_s_grave_wood_tubes.p3d,prop,999.13,25.000,1112.39,180.0,sunk 0.050 m,0.000,0.050,,left (E),,+0.050,,,yes,
test\placements\SH1.csv,180,,JP\site\grave\jp_s_grave_stones_boat_halo.p3d,prop,1001.50,25.000,1112.56,172.9,sunk 0.050 m,0.000,0.050,,back-left (NE),,+0.050,,,yes,
test\placements\SH1.csv,181,,JP\site\grave\jp_s_grave_stones_round.p3d,prop,1002.56,25.000,1112.61,175.2,sunk 0.050 m,0.000,0.050,,back-left (NE),,+0.050,,,yes,
test\placements\SH1.csv,182,,JP\site\grave\jp_s_grave_wood_sotoba_x3.p3d,prop,1002.60,25.523,1112.92,172.9,sunk 0.153 m,0.000,0.153,,left (E),,+0.152,,,yes,
test\placements\SH1.csv,183,,JP\site\grave\jp_s_grave_stones_ab_round_lean.p3d,prop,1003.84,25.000,1112.57,184.6,sunk 0.189 m,0.000,0.189,,back-right (NW),,+0.189,,,yes,
test\placements\SH1.csv,184,,JP\site\grave\jp_s_grave_stones_board_s.p3d,prop,1004.77,25.000,1112.72,180.9,sunk 0.100 m,0.000,0.100,,back-left (NE),,+0.100,,,yes,
test\placements\SH1.csv,185,,JP\site\grave\jp_s_grave_wood_tubes.p3d,prop,1004.77,25.000,1112.39,180.0,sunk 0.050 m,0.000,0.050,,left (E),,+0.050,,,yes,
test\placements\SH1.csv,186,,JP\site\grave\jp_s_grave_wood_incense.p3d,prop,1004.79,25.000,1112.10,180.0,sunk 0.040 m,0.000,0.040,,back-left (NE),,+0.040,,,yes,
test\placements\SH1.csv,187,,JP\site\grave\jp_s_grave_wood_bohyo.p3d,prop,1006.09,25.000,1111.92,185.0,sunk 0.206 m,0.000,0.206,,back (N),,+0.206,,,yes,
test\placements\SH1.csv,188,,JP\site\grave\jp_s_grave_stones_boat_halo.p3d,prop,1008.19,25.000,1112.66,181.9,sunk 0.050 m,0.000,0.050,,back-left (NE),,+0.050,,,yes,
test\placements\SH1.csv,189,,JP\site\grave\jp_s_grave_wood_sotoba_x3.p3d,prop,1008.22,25.523,1112.98,182.2,sunk 0.153 m,0.000,0.153,,left (E),,+0.152,,,yes,
test\placements\SH1.csv,190,,JP\site\grave\jp_s_grave_wood_tubes.p3d,prop,1008.19,25.000,1112.34,180.0,sunk 0.050 m,0.000,0.050,,left (E),,+0.050,,,yes,
test\placements\SH1.csv,191,,JP\site\grave\jp_s_grave_wood_incense.p3d,prop,1008.21,25.000,1112.05,180.0,sunk 0.040 m,0.000,0.040,,back-left (NE),,+0.040,,,yes,
test\placements\SH1.csv,192,,JP\site\grave\jp_s_grave_stones_jizo_child.p3d,prop,1009.60,25.000,1112.61,179.7,sunk 0.050 m,0.000,0.050,,back-left (NE),,+0.050,,,yes,
test\placements\SH1.csv,193,,JP\site\grave\jp_s_grave_stones_field.p3d,prop,991.07,25.000,1115.10,184.8,sunk 0.141 m,0.000,0.141,,back-left (NE),,+0.141,,,yes,
test\placements\SH1.csv,194,,JP\site\grave\jp_s_grave_stones_board.p3d,prop,993.17,25.000,1115.10,169.0,sunk 0.050 m,0.000,0.050,,back-left (NE),,+0.050,,,yes,
test\placements\SH1.csv,195,,JP\site\grave\jp_s_grave_stones_boat_halo.p3d,prop,994.37,25.000,1115.15,189.6,sunk 0.050 m,0.000,0.050,,back-left (NE),,+0.050,,,yes,
test\placements\SH1.csv,196,,JP\site\grave\jp_s_grave_wood_sotoba_x3.p3d,prop,994.42,25.523,1115.46,180.1,sunk 0.153 m,0.000,0.153,,left (E),,+0.152,,,yes,
test\placements\SH1.csv,197,,JP\site\grave\jp_s_grave_stones_board_s.p3d,prop,995.64,25.000,1115.18,173.7,sunk 0.100 m,0.000,0.100,,back-left (NE),,+0.100,,,yes,
test\placements\SH1.csv,198,,JP\site\grave\jp_s_grave_wood_bohyo.p3d,prop,996.63,25.000,1114.51,184.0,sunk 0.206 m,0.000,0.206,,back (N),,+0.206,,,yes,
test\placements\SH1.csv,199,,JP\site\grave\jp_s_grave_stones_field_pair.p3d,prop,997.85,25.000,1115.03,172.4,sunk 0.122 m,0.000,0.122,,right (W),,+0.122,,,yes,
test\placements\SH1.csv,200,,JP\site\grave\jp_s_grave_wood_ab_bohyo_split.p3d,prop,998.92,25.000,1114.47,193.6,sunk 0.205 m,0.000,0.205,,back (N),,+0.203,,,yes,
test\placements\SH1.csv,201,,JP\site\grave\jp_s_grave_stones_jizo_child.p3d,prop,1001.41,25.000,1115.05,179.4,sunk 0.050 m,0.000,0.050,,back-left (NE),,+0.050,,,yes,
test\placements\SH1.csv,202,,JP\site\grave\jp_s_grave_stones_boat_halo_child.p3d,prop,1002.41,25.000,1115.15,183.6,sunk 0.060 m,0.000,0.060,,back-left (E),,+0.060,,,yes,
test\placements\SH1.csv,203,,JP\site\grave\jp_s_grave_stones_jizo_child.p3d,prop,1003.67,25.000,1115.12,189.4,sunk 0.050 m,0.000,0.050,,back-left (NE),,+0.050,,,yes,
test\placements\SH1.csv,204,,JP\site\grave\jp_s_grave_stones_boat_halo_child.p3d,prop,1004.76,25.000,1115.18,182.2,sunk 0.060 m,0.000,0.060,,back-left (NE),,+0.060,,,yes,
test\placements\SH1.csv,205,,JP\site\grave\jp_s_grave_wood_sotoba_x3.p3d,prop,1004.70,25.523,1115.50,179.6,sunk 0.153 m,0.000,0.153,,left (E),,+0.152,,,yes,
test\placements\SH1.csv,206,,JP\site\grave\jp_s_grave_stones_board.p3d,prop,1007.23,25.000,1115.12,168.1,sunk 0.050 m,0.000,0.050,,back-left (NE),,+0.050,,,yes,
test\placements\SH1.csv,207,,JP\site\grave\jp_s_grave_stones_round_s_plain.p3d,prop,1008.19,25.000,1115.08,168.3,sunk 0.080 m,0.000,0.080,,back-left (NE),,+0.080,,,yes,
test\placements\SH1.csv,208,,JP\site\grave\jp_s_grave_stones_boat_halo.p3d,prop,1009.32,25.000,1115.17,188.1,sunk 0.050 m,0.000,0.050,,back-left (NE),,+0.050,,,yes,
test\placements\SH1.csv,209,,JP\site\grave\jp_s_grave_wood_sotoba_x3.p3d,prop,1009.30,25.523,1115.49,175.8,sunk 0.153 m,0.000,0.153,,left (E),,+0.152,,,yes,
test\placements\SH1.csv,210,,JP\site\grave\jp_s_grave_stones_board.p3d,prop,991.08,25.000,1117.81,179.7,sunk 0.050 m,0.000,0.050,,back-left (NE),,+0.050,,,yes,
test\placements\SH1.csv,211,,JP\site\grave\jp_s_grave_stones_boat_halo.p3d,prop,992.27,25.000,1117.69,183.4,sunk 0.050 m,0.000,0.050,,back-left (NE),,+0.050,,,yes,
test\placements\SH1.csv,212,,JP\site\grave\jp_s_grave_stones_ab_leaning.p3d,prop,993.34,25.000,1117.67,193.4,sunk 0.175 m,0.000,0.175,,back-left (E),,+0.175,,,yes,
test\placements\SH1.csv,213,,JP\site\grave\jp_s_grave_stones_board.p3d,prop,994.45,25.000,1117.72,170.6,sunk 0.050 m,0.000,0.050,,back-left (NE),,+0.050,,,yes,
test\placements\SH1.csv,214,,JP\site\grave\jp_s_grave_wood_sotoba_x3.p3d,prop,994.51,25.523,1118.03,176.1,sunk 0.153 m,0.000,0.153,,left (E),,+0.152,,,yes,
test\placements\SH1.csv,215,,JP\site\grave\jp_s_grave_wood_tubes.p3d,prop,994.45,25.000,1117.39,180.0,sunk 0.050 m,0.000,0.050,,left (E),,+0.050,,,yes,
test\placements\SH1.csv,216,,JP\site\grave\jp_s_grave_wood_incense.p3d,prop,994.47,25.000,1117.10,180.0,sunk 0.040 m,0.000,0.040,,back-left (NE),,+0.040,,,yes,
test\placements\SH1.csv,217,,JP\site\grave\jp_s_grave_stones_field.p3d,prop,996.78,25.000,1117.76,173.7,sunk 0.141 m,0.000,0.141,,back-left (NE),,+0.141,,,yes,
test\placements\SH1.csv,218,,JP\site\grave\jp_s_grave_stones_boat_halo.p3d,prop,997.85,25.000,1117.66,190.9,sunk 0.050 m,0.000,0.050,,back-left (E),,+0.050,,,yes,
test\placements\SH1.csv,219,,JP\site\grave\jp_s_grave_stones_board_s.p3d,prop,998.95,25.000,1117.79,188.1,sunk 0.100 m,0.000,0.100,,back-left (E),,+0.100,,,yes,
test\placements\SH1.csv,220,,JP\site\grave\jp_s_grave_wood_sotoba_x3.p3d,prop,998.92,25.523,1118.10,174.1,sunk 0.153 m,0.000,0.153,,left (E),,+0.152,,,yes,
test\placements\SH1.csv,221,,JP\site\grave\jp_s_grave_stones_board.p3d,prop,1001.44,25.000,1117.63,183.5,sunk 0.050 m,0.000,0.050,,back-left (NE),,+0.050,,,yes,
test\placements\SH1.csv,222,,JP\site\grave\jp_s_grave_stones_boat_halo.p3d,prop,1002.54,25.000,1117.81,186.6,sunk 0.050 m,0.000,0.050,,back-left (NE),,+0.050,,,yes,
test\placements\SH1.csv,223,,JP\site\grave\jp_s_grave_stones_boat_halo.p3d,prop,1003.75,25.000,1117.63,188.9,sunk 0.050 m,0.000,0.050,,back-left (NE),,+0.050,,,yes,
test\placements\SH1.csv,224,,JP\site\grave\jp_s_grave_stones_jizo_child.p3d,prop,1005.95,25.000,1117.68,172.9,sunk 0.050 m,0.000,0.050,,back-left (NE),,+0.050,,,yes,
test\placements\SH1.csv,225,,JP\site\grave\jp_s_grave_stones_board_s.p3d,prop,1007.13,25.000,1117.73,176.8,sunk 0.100 m,0.000,0.100,,back-left (NE),,+0.100,,,yes,
test\placements\SH1.csv,226,,JP\site\grave\jp_s_grave_stones_ab_boat_halo_sunk.p3d,prop,1008.25,25.000,1117.78,162.1,sunk 0.237 m,0.000,0.237,,front-right (SW),,+0.237,,,yes,
test\placements\SH1.csv,227,,JP\site\grave\jp_s_grave_stones_field_mound.p3d,prop,1009.50,25.000,1117.04,173.3,sunk 0.100 m,0.000,0.100,,back (N),,+0.100,,,yes,
test\placements\SH1.csv,228,,JP\site\grave\jp_s_grave_stones_board_tall_moss.p3d,prop,991.14,25.000,1120.37,177.7,sunk 0.050 m,0.000,0.050,,back-left (NE),,+0.050,,,yes,
test\placements\SH1.csv,229,,JP\site\grave\jp_s_grave_stones_boat_halo.p3d,prop,992.30,25.000,1120.37,174.0,sunk 0.050 m,0.000,0.050,,back-left (NE),,+0.050,,,yes,
test\placements\SH1.csv,230,,JP\site\grave\jp_s_grave_wood_sotoba_x3.p3d,prop,992.30,25.523,1120.68,177.1,sunk 0.153 m,0.000,0.153,,left (E),,+0.152,,,yes,
test\placements\SH1.csv,231,,JP\site\grave\jp_s_grave_wood_tubes.p3d,prop,992.30,25.000,1120.04,180.0,sunk 0.050 m,0.000,0.050,,left (E),,+0.050,,,yes,
test\placements\SH1.csv,232,,JP\site\grave\jp_s_grave_wood_incense.p3d,prop,992.32,25.000,1119.75,180.0,sunk 0.040 m,0.000,0.040,,back-left (NE),,+0.040,,,yes,
test\placements\SH1.csv,233,,JP\site\grave\jp_s_grave_stones_board.p3d,prop,993.29,25.000,1120.45,183.4,sunk 0.050 m,0.000,0.050,,back-left (NE),,+0.050,,,yes,
test\placements\SH1.csv,234,,JP\site\grave\jp_s_grave_wood_sotoba_x3.p3d,prop,993.32,25.523,1120.76,183.2,sunk 0.153 m,0.000,0.153,,left (E),,+0.152,,,yes,
test\placements\SH1.csv,235,,JP\site\grave\jp_s_grave_stones_pillar_pointed.p3d,prop,994.60,25.000,1120.47,177.7,sunk 0.050 m,0.000,0.050,,back-left (NE),,+0.050,,,yes,
test\placements\SH1.csv,236,,JP\site\grave\jp_s_grave_stones_board.p3d,prop,996.86,25.000,1120.41,190.0,sunk 0.050 m,0.000,0.050,,back-left (NE),,+0.050,,,yes,
test\placements\SH1.csv,237,,JP\site\grave\jp_s_grave_wood_ab_bohyo_rotted.p3d,prop,997.83,24.982,1119.77,187.1,sunk 0.205 m,0.000,0.205,,back (N),,+0.203,,,yes,
test\placements\SH1.csv,238,,JP\site\grave\jp_s_grave_stones_boat_halo.p3d,prop,999.04,25.000,1120.41,188.7,sunk 0.050 m,0.000,0.050,,back-left (NE),,+0.050,,,yes,
test\placements\SH1.csv,239,,JP\site\grave\jp_s_grave_stones_board.p3d,prop,1001.36,25.000,1120.37,181.5,sunk 0.050 m,0.000,0.050,,back-left (NE),,+0.050,,,yes,
test\placements\SH1.csv,240,,JP\site\grave\jp_s_grave_wood_sotoba_x3.p3d,prop,1001.39,25.523,1120.68,174.4,sunk 0.153 m,0.000,0.153,,left (E),,+0.152,,,yes,
test\placements\SH1.csv,241,,JP\site\grave\jp_s_grave_stones_ab_board_broken.p3d,prop,1002.58,25.000,1120.55,190.0,sunk 0.050 m,0.000,0.050,,back-left (NE),,+0.050,,,yes,
test\placements\SH1.csv,242,,JP\site\grave\jp_s_grave_stones_boat_halo.p3d,prop,1003.59,25.000,1120.46,172.7,sunk 0.050 m,0.000,0.050,,back-left (NE),,+0.050,,,yes,
test\placements\SH1.csv,243,,JP\site\grave\jp_s_grave_wood_sotoba_x3.p3d,prop,1003.61,25.523,1120.77,174.9,sunk 0.153 m,0.000,0.153,,left (E),,+0.152,,,yes,
test\placements\SH1.csv,244,,JP\site\grave\jp_s_grave_stones_field.p3d,prop,1004.74,25.000,1120.37,185.1,sunk 0.141 m,0.000,0.141,,back-left (E),,+0.141,,,yes,
test\placements\SH1.csv,245,,JP\site\grave\jp_s_grave_stones_board.p3d,prop,1006.15,25.000,1120.43,184.9,sunk 0.050 m,0.000,0.050,,back-left (NE),,+0.050,,,yes,
test\placements\SH1.csv,246,,JP\site\grave\jp_s_grave_stones_boat_halo.p3d,prop,1008.29,25.000,1120.44,176.7,sunk 0.050 m,0.000,0.050,,back-left (NE),,+0.050,,,yes,
test\placements\SH1.csv,247,,JP\site\grave\jp_s_grave_wood_tubes.p3d,prop,1008.29,25.000,1120.11,180.0,sunk 0.050 m,0.000,0.050,,left (E),,+0.050,,,yes,
test\placements\SH1.csv,248,,JP\site\grave\jp_s_grave_wood_incense.p3d,prop,1008.31,25.000,1119.82,180.0,sunk 0.040 m,0.000,0.040,,back-left (NE),,+0.040,,,yes,
test\placements\SH1.csv,249,,JP\site\grave\jp_s_grave_stones_board_s.p3d,prop,1009.57,25.000,1120.41,191.8,sunk 0.100 m,0.000,0.100,,back-left (E),,+0.100,,,yes,
test\placements\SH1.csv,250,,JP\site\grave\jp_s_grave_stones_boat_halo.p3d,prop,990.88,25.000,1123.04,191.9,sunk 0.050 m,0.000,0.050,,back-left (E),,+0.050,,,yes,
test\placements\SH1.csv,251,,JP\site\grave\jp_s_grave_stones_board.p3d,prop,992.00,25.000,1123.06,174.6,sunk 0.050 m,0.000,0.050,,back-left (NE),,+0.050,,,yes,
test\placements\SH1.csv,252,,JP\site\grave\jp_s_grave_stones_gorinto_s.p3d,prop,993.37,25.000,1123.00,190.9,sunk 0.040 m,0.000,0.040,,back-left (NE),,+0.040,,,yes,
test\placements\SH1.csv,253,,JP\site\grave\jp_s_grave_stones_board_tall_moss.p3d,prop,995.52,25.000,1123.12,171.6,sunk 0.050 m,0.000,0.050,,back-left (NE),,+0.050,,,yes,
test\placements\SH1.csv,254,,JP\site\grave\jp_s_grave_stones_pillar.p3d,prop,996.66,25.000,1123.12,186.1,sunk 0.050 m,0.000,0.050,,back-left (NE),,+0.050,,,yes,
test\placements\SH1.csv,255,,JP\site\grave\jp_s_grave_stones_boat_halo.p3d,prop,997.93,25.000,1123.05,171.7,sunk 0.050 m,0.000,0.050,,back-left (NE),,+0.050,,,yes,
test\placements\SH1.csv,256,,JP\site\grave\jp_s_grave_wood_sotoba_x3.p3d,prop,997.90,25.523,1123.37,186.3,sunk 0.153 m,0.000,0.153,,left (E),,+0.152,,,yes,
test\placements\SH1.csv,257,,JP\site\grave\jp_s_grave_stones_field_pair.p3d,prop,999.15,25.000,1123.16,189.8,sunk 0.122 m,0.000,0.122,,right (W),,+0.122,,,yes,
test\placements\SH1.csv,258,,JP\site\grave\jp_s_grave_stones_board_tall_moss.p3d,prop,1001.47,25.000,1123.11,181.4,sunk 0.050 m,0.000,0.050,,back-left (NE),,+0.050,,,yes,
test\placements\SH1.csv,259,,JP\site\grave\jp_s_grave_stones_boat_halo.p3d,prop,1002.50,25.000,1122.97,186.5,sunk 0.050 m,0.000,0.050,,back-left (NE),,+0.050,,,yes,
test\placements\SH1.csv,260,,JP\site\grave\jp_s_grave_wood_sotoba_x3.p3d,prop,1002.42,25.523,1123.29,178.9,sunk 0.153 m,0.000,0.153,,left (E),,+0.152,,,yes,
test\placements\SH1.csv,261,,JP\site\grave\jp_s_grave_stones_ab_leaning.p3d,prop,1003.70,25.000,1123.12,170.8,sunk 0.175 m,0.000,0.175,,back-left (NE),,+0.175,,,yes,
test\placements\SH1.csv,262,,JP\site\grave\jp_s_grave_stones_board.p3d,prop,1004.91,25.000,1123.07,184.8,sunk 0.050 m,0.000,0.050,,back-left (NE),,+0.050,,,yes,
test\placements\SH1.csv,263,,JP\site\grave\jp_s_grave_wood_tubes.p3d,prop,1004.91,25.000,1122.73,180.0,sunk 0.050 m,0.000,0.050,,left (E),,+0.050,,,yes,
test\placements\SH1.csv,264,,JP\site\grave\jp_s_grave_wood_incense.p3d,prop,1004.93,25.000,1122.44,180.0,sunk 0.040 m,0.000,0.040,,back-left (NE),,+0.040,,,yes,
test\placements\SH1.csv,265,,JP\site\grave\jp_s_grave_stones_gorinto_stack.p3d,prop,1007.10,25.000,1123.07,184.5,sunk 0.040 m,0.000,0.040,,back-left (NE),,+0.040,,,yes,
test\placements\SH1.csv,266,,JP\site\grave\jp_s_grave_stones_ab_boat_halo_sunk.p3d,prop,1008.33,25.000,1123.11,175.3,sunk 0.237 m,0.000,0.237,,front-right (SW),,+0.237,,,yes,
test\placements\SH1.csv,267,,JP\site\grave\jp_s_grave_wood_bohyo_s.p3d,prop,1009.43,25.000,1122.44,185.5,sunk 0.203 m,0.000,0.203,,back (N),,+0.200,,,yes,
test\placements\SH1.csv,269,,JP\site\grave\jp_s_grave_stones_gorinto_s.p3d,prop,993.32,25.007,1125.71,187.6,sunk 0.042 m,0.000,0.042,,front-left (SE),,+0.041,,,yes,
test\placements\SH1.csv,270,,JP\site\grave\jp_s_grave_stones_board_tall_moss.p3d,prop,994.47,25.007,1125.69,177.7,sunk 0.052 m,0.000,0.052,,front-right (SW),,+0.051,,,yes,
test\placements\SH1.csv,271,,JP\site\grave\jp_s_grave_stones_ab_gorinto_fallen.p3d,prop,995.68,25.004,1125.68,172.6,sunk 0.051 m,0.000,0.051,,front-right (SW),,+0.050,,,yes,
test\placements\SH1.csv,272,,JP\site\grave\jp_s_grave_stones_pillar.p3d,prop,996.68,25.006,1125.70,175.9,sunk 0.054 m,0.000,0.054,,front-right (SW),,+0.052,,,yes,
test\placements\SH1.csv,273,,JP\site\grave\jp_s_grave_wood_tubes.p3d,prop,996.68,25.006,1125.24,180.0,sunk 0.050 m,0.000,0.050,,left (E),,+0.050,,,yes,
test\placements\SH1.csv,274,,JP\site\grave\jp_s_grave_stones_hokyointo.p3d,prop,997.98,25.006,1125.61,186.8,sunk 0.054 m,0.000,0.054,,front-left (SE),,+0.052,,,yes,
test\placements\SH1.csv,275,,JP\site\grave\jp_s_grave_stones_board.p3d,prop,1001.25,25.007,1125.63,181.1,sunk 0.052 m,0.000,0.052,,front-left (SE),,+0.051,,,yes,
test\placements\SH1.csv,276,,JP\site\grave\jp_s_grave_stones_gorinto_l.p3d,prop,1003.17,25.005,1125.61,191.8,sunk 0.056 m,0.000,0.056,,front-left (SE),,+0.053,,,yes,
test\placements\SH1.csv,277,,JP\site\grave\jp_s_grave_stones_ab_hokyointo_broken.p3d,prop,1004.82,25.003,1125.68,166.0,sunk 0.057 m,0.000,0.057,,front-right (SW),,+0.055,,,yes,
test\placements\SH1.csv,278,,JP\site\grave\jp_s_grave_stones_boat_halo.p3d,prop,1005.99,25.007,1125.67,188.3,sunk 0.052 m,0.000,0.052,,front-left (SE),,+0.051,,,yes,
test\placements\SH1.csv,279,,JP\site\grave\jp_s_grave_wood_sotoba_x3.p3d,prop,1006.01,25.532,1125.98,180.4,sunk 0.153 m,0.000,0.153,,left (E),,+0.152,,,yes,
test\placements\SH1.csv,280,,JP\site\grave\jp_s_grave_wood_tubes.p3d,prop,1005.99,25.006,1125.34,180.0,sunk 0.050 m,0.000,0.050,,left (E),,+0.050,,,yes,
test\placements\SH1.csv,281,,JP\site\grave\jp_s_grave_stones_field.p3d,prop,1007.11,25.006,1125.53,185.5,sunk 0.142 m,0.000,0.142,,left (E),,+0.142,,,yes,
test\placements\SH1.csv,282,,JP\site\grave\jp_s_grave_stones_board.p3d,prop,1009.55,25.007,1125.69,168.3,sunk 0.052 m,0.000,0.052,,front-right (SW),,+0.051,,,yes,
test\placements\SH1.csv,283,,JP\site\grave\jp_s_grave_wood_tubes.p3d,prop,1009.55,25.006,1125.36,180.0,sunk 0.050 m,0.000,0.050,,left (E),,+0.050,,,yes,
test\placements\SH1.csv,284,,JP\site\shrine\jp_s_chozubachi_small.p3d,prop,1012.00,25.000,1112.00,90.0,sunk 0.090 m,0.000,0.090,,left (N),,+0.090,,,yes,
test\placements\SH1.csv,285,,JP\site\grave\jp_s_grave_wood_bucket_rack.p3d,prop,1012.20,25.000,1109.90,90.0,sunk 0.150 m,0.000,0.150,,left (N),,+0.150,,,yes,
test\placements\SH1.csv,286,,JP\site\grave\jp_s_grave_wood_rack.p3d,prop,1011.90,25.000,1114.40,90.0,sunk 0.200 m,0.000,0.200,,left (N),,+0.200,,,yes,
test\placements\SH1.csv,287,,JP\site\roadside\jp_s_stone_jizo_m.p3d,rock,1012.00,25.000,1117.00,90.0,base not sunk: highest contact point -0.050 m vs soil (needs <= -0.05),0.000,0.050,,back-left (NW),,-0.000,,,,
test\placements\SH1.csv,288,,JP\site\roadside\jp_s_stone_jizo_bib.p3d,rock,1012.00,25.000,1117.72,90.0,base not sunk: highest contact point +0.135 m vs soil (needs <= -0.05),0.135,0.050,,back-right (SW),,-0.185,,,,
test\placements\SH1.csv,289,,JP\site\roadside\jp_s_stone_jizo_m.p3d,rock,1012.00,25.000,1118.44,90.0,base not sunk: highest contact point -0.050 m vs soil (needs <= -0.05),0.000,0.050,,back-left (NW),,-0.000,,,,
test\placements\SH1.csv,290,,JP\site\roadside\jp_s_stone_jizo_halo.p3d,rock,1012.00,25.000,1119.16,90.0,base not sunk: highest contact point +0.121 m vs soil (needs <= -0.05),0.121,0.050,,front-right (SE),,-0.171,,,,
test\placements\SH1.csv,291,,JP\site\roadside\jp_s_stone_jizo_bib.p3d,rock,1012.00,25.000,1119.88,90.0,base not sunk: highest contact point +0.135 m vs soil (needs <= -0.05),0.135,0.050,,back-right (SW),,-0.185,,,,
test\placements\SH1.csv,292,,JP\site\roadside\jp_s_stone_jizo_m.p3d,rock,1012.00,25.000,1120.60,90.0,base not sunk: highest contact point -0.050 m vs soil (needs <= -0.05),0.000,0.050,,back-left (NW),,-0.000,,,,
test\placements\SH1.csv,293,,JP\site\roadside\jp_s_stone_jizo_ab_tipped.p3d,rock,1013.20,25.000,1121.90,30.0,base not sunk: highest contact point +0.004 m vs soil (needs <= -0.05),0.004,0.049,,front (NE),,-0.054,,,,
test\placements\SH1.csv,294,,JP\site\grave\jp_s_grave_wood_ab_fallen.p3d,prop,996.65,25.413,1114.30,30.0,sunk 0.145 m,0.000,0.145,,back-left (SW),,+0.143,,,yes,
test\placements\SH1.csv,295,,JP\site\grave\jp_s_grave_wood_ab_fallen.p3d,prop,1005.62,25.413,1118.56,200.0,sunk 0.145 m,0.000,0.145,,back-left (NE),,+0.143,,,yes,
test\placements\SH1.csv,296,,JP\site\grave\jp_s_grave_wood_ab_fallen.p3d,prop,993.44,25.413,1124.02,110.0,sunk 0.146 m,0.000,0.146,,back-left (NW),,+0.144,,,yes,
test\placements\SH1.csv,297,,JP\site\yard_life\jp_s_leaf_pile_ab_scattered.p3d,building,1000.07,25.035,1120.84,0.0,floats 0.050 m,0.050,0.000,0.000,front-right (NE),,-0.050,,,,
test\placements\SH1.csv,298,,JP\site\yard_life\jp_s_leaf_pile_ab_scattered.p3d,building,994.60,25.035,1126.77,70.0,floats 0.038 m,0.038,0.023,0.026,front-right (SE),,-0.038,,,,
test\placements\SH1.csv,299,,JP\site\yard_life\jp_s_leaf_pile_small.p3d,building,1000.34,25.080,1114.63,20.0,floats 0.050 m,0.050,0.000,0.000,back (S),,-0.050,,,,
test\placements\SH1.csv,300,,JP\site\yard_life\jp_s_leaf_pile_small.p3d,building,1006.60,25.081,1124.05,150.0,floats 0.050 m,0.050,0.002,0.005,back (NW),,-0.050,,,,
test\placements\SH1.csv,302,,JP\site\yard_life\jp_s_leaf_pile_small.p3d,building,989.98,25.080,1118.64,300.0,floats 0.050 m,0.050,0.000,0.000,back (E),,-0.050,,,,
test\placements\SH1.csv,304,,JP\furniture\wall\jp_f_mino_pegs.p3d,prop,1073.95,26.133,1037.66,180.0,floats 0.533 m,0.533,0.000,,right (W),jp_shed_open_board.p3d,-0.531,,,yes,
test\placements\SH1.csv,305,,JP\furniture\wall\jp_f_tool_wall.p3d,prop,1072.54,26.365,1037.69,180.0,floats 0.940 m,0.940,0.000,,right (W),jp_shed_open_board.p3d,-0.940,,,yes,
test\placements\SH1.csv,306,,JP\furniture\wall\jp_f_utensil_board.p3d,prop,1071.33,26.365,1037.70,180.0,floats 1.082 m,1.082,0.000,,left (E),jp_shed_open_board.p3d,-1.081,,,yes,
test\placements\SH1.csv,307,,JP\furniture\wall\jp_f_rope_pegs_2.p3d,prop,1070.44,26.450,1037.68,180.0,floats 1.158 m,1.158,0.000,,right (W),jp_shed_open_board.p3d,-1.156,,,yes,
test\placements\SH1.csv,308,,JP\furniture\wall\jp_f_sandals_hung_wall.p3d,prop,1069.74,26.570,1037.69,180.0,floats 1.358 m,1.358,0.000,,right (W),jp_shed_open_board.p3d,-1.356,,,yes,
test\placements\SH1.csv,309,,JP\furniture\wall\jp_f_fire_gear.p3d,prop,1074.51,26.715,1036.66,270.0,floats 1.260 m,1.260,0.000,,right (N),jp_shed_open_board.p3d,-1.260,,,yes,
test\placements\SH1.csv,310,,JP\furniture\wall\jp_f_koyomi.p3d,prop,1074.66,26.600,1035.15,270.0,floats 1.376 m,1.376,0.000,,left (S),jp_shed_open_board.p3d,-1.376,,,yes,
test\placements\SH1.csv,311,,JP\furniture\tier\jp_f_yumi_rack_wall.p3d,prop,1069.39,26.270,1036.55,90.0,floats 0.600 m,0.600,0.000,,right (S),jp_shed_open_board.p3d,-0.600,,,yes,
test\placements\SH1.csv,312,,JP\furniture\wall\jp_f_bangasa_hung.p3d,prop,1069.40,26.365,1034.95,90.0,floats 0.740 m,0.740,0.000,,centre,jp_shed_open_board.p3d,-0.740,,,yes,
test\placements\SH1.csv,313,,JP\furniture\wall\jp_f_ofuda_single.p3d,prop,1072.91,26.750,1034.11,180.0,floats 1.640 m,1.640,0.000,,centre,jp_shed_open_board.p3d,-1.640,,,yes,
test\placements\SH1.csv,314,,JP\furniture\wall\jp_f_kaya_draped.p3d,prop,1073.82,27.245,1034.18,180.0,floats 1.970 m,1.970,0.000,,left (E),jp_shed_open_board.p3d,-1.970,,,yes,
test\placements\SH1.csv,315,,JP\furniture\wall\jp_f_hoshigaki_3.p3d,prop,1070.65,27.022,1034.18,180.0,floats 1.524 m,1.524,0.000,,left (E),jp_shed_open_board.p3d,-1.524,,,yes,
test\placements\SH1.csv,316,,JP\furniture\wall\jp_f_drying_daikon.p3d,prop,1069.85,27.301,1034.18,180.0,floats 2.083 m,2.083,0.000,,left (E),jp_shed_open_board.p3d,-2.083,,,yes,
test\placements\SH1.csv,323,,JP\furniture\kitchen\jp_f_tana_182_3.p3d,prop,1079.00,25.050,1037.76,180.0,floats 0.650 m,0.650,0.000,,left (E),jp_shed_open_board.p3d,-0.650,,,yes,
test\placements\SH1.csv,324,,JP\furniture\kitchen\jp_f_tana_182_3.p3d,prop,1081.00,25.050,1037.76,180.0,floats 0.650 m,0.650,0.000,,left (E),jp_shed_open_board.p3d,-0.650,,,yes,
test\placements\SH1.csv,325,,JP\furniture\kitchen\jp_f_tana_136_1.p3d,prop,1082.66,25.050,1036.55,270.0,floats 0.650 m,0.650,0.000,,left (S),jp_shed_open_board.p3d,-0.650,,,yes,
test\placements\SH1.csv,326,,JP\furniture\religious\jp_f_butsu_set_full.p3d,prop,1079.53,26.485,1037.58,180.0,floats 1.300 m,1.300,0.000,,left (E),jp_shed_open_board.p3d,-1.300,,,yes,
test\placements\SH1.csv,327,,JP\furniture\religious\jp_f_kamidana_set_offerings.p3d,prop,1078.95,26.485,1037.61,180.0,floats 1.300 m,1.300,0.000,,left (E),jp_shed_open_board.p3d,-1.300,,,yes,
test\placements\SH1.csv,328,,JP\furniture\meal\jp_f_tokkuri_pair.p3d,prop,1078.42,26.440,1037.61,180.0,floats 1.300 m,1.300,0.000,,back-left (NE),jp_shed_open_board.p3d,-1.300,,,yes,
test\placements\SH1.csv,329,,JP\furniture\work\jp_f_choba_set_desk.p3d,prop,1079.46,25.989,1037.57,180.0,floats 0.900 m,0.900,0.000,,left (E),jp_shed_open_board.p3d,-0.900,,,yes,
test\placements\SH1.csv,330,,JP\furniture\work\jp_f_masu_set.p3d,prop,1078.71,25.991,1037.56,180.0,floats 0.900 m,0.900,0.000,,left (E),jp_shed_open_board.p3d,-0.900,,,yes,
test\placements\SH1.csv,331,,JP\furniture\meal\jp_f_hiuchi_box.p3d,prop,1078.38,25.998,1037.61,180.0,floats 0.900 m,0.900,0.000,,back-left (NE),jp_shed_open_board.p3d,-0.900,,,yes,
test\placements\SH1.csv,332,,JP\furniture\tier\jp_f_tea_matcha.p3d,prop,1081.55,26.408,1037.61,180.0,floats 1.299 m,1.299,0.000,,back-left (NE),jp_shed_open_board.p3d,-1.299,,,yes,
test\placements\SH1.csv,333,,JP\furniture\work\jp_f_writing_box.p3d,prop,1080.79,26.377,1037.61,180.0,floats 1.351 m,1.351,0.000,,back (N),jp_shed_open_board.p3d,-1.326,-0.0,-0.0,,uneven support: tilt to the surface
test\placements\SH1.csv,334,,JP\furniture\meal\jp_f_basket_zaru.p3d,prop,1080.40,26.391,1037.61,180.0,floats 1.299 m,1.299,0.000,,left (E),jp_shed_open_board.p3d,-1.299,,,yes,
test\placements\SH1.csv,335,,JP\furniture\meal\jp_f_tableware_hakozen_stack.p3d,prop,1082.52,26.250,1036.13,270.0,floats 0.950 m,0.950,0.000,,back-right (NE),jp_shed_open_board.p3d,-0.925,,,,uneven support: tilt to the surface
test\placements\SH1.csv,336,,JP\furniture\meal\jp_f_suribachi_bowl.p3d,prop,1082.52,26.123,1036.60,270.0,floats 0.900 m,0.900,0.000,,left (S),jp_shed_open_board.p3d,-0.900,,,yes,
test\placements\SH1.csv,337,,JP\furniture\living\jp_f_sewing_box.p3d,prop,1082.51,26.135,1037.00,270.0,floats 0.900 m,0.900,0.000,,back-left (SE),jp_shed_open_board.p3d,-0.900,,,yes,
test\placements\SH1.csv,357,,JP\site\yard_life\jp_s_kaki_curtain_1ken.p3d,prop,1089.82,27.349,1033.92,180.0,floats 1.765 m,1.765,0.000,,left (E),jp_shed_open_board.p3d,-1.765,,,yes,
test\placements\SH1.csv,358,,JP\site\street_life\jp_s_sandals_sale_eave.p3d,prop,1088.00,27.529,1033.92,180.0,floats 2.312 m,2.312,0.000,,right (W),jp_shed_open_board.p3d,-2.309,,,yes,
test\placements\SH1.csv,359,,JP\site\yard_life\jp_s_bird_cage_hung.p3d,prop,1086.18,27.780,1033.88,180.0,sunk 0.456 m,0.000,0.456,,front (S),jp_shed_open_board.p3d,+0.402,-0.0,-0.0,,uneven support: tilt to the surface
test\placements\SH1.csv,366,,JP\site\street_life\jp_s_lantern_fallen_chochin.p3d,hanging,1073.39,25.164,1030.01,160.0,hangs in mid-air: no host within 0.5 m,,,,,,,,,,move it onto the host (or add a hook memory point)
test\placements\SH1.csv,370,,JP\site\yard_life\jp_s_stable_yard_tie_post.p3d,prop,1085.90,25.000,1030.20,180.0,sunk 0.400 m,0.000,0.400,,back-left (NE),,+0.400,,,yes,
test\placements\SH1.csv,371,,JP\site\yard_life\jp_s_scarecrow_kasa.p3d,prop,1089.00,25.000,1030.00,180.0,sunk 0.350 m,0.000,0.350,,centre,,+0.350,,,yes,
test\placements\SH1.csv,375,,JP\site\yard_life\jp_s_leaf_pile_broom.p3d,building,1080.27,25.080,1024.79,180.0,floats 0.050 m,0.050,-0.000,0.000,front (S),,-0.050,,,,
test\placements\SH1.csv,376,,JP\site\street_life\jp_s_tenbin_spill_boxes.p3d,building,1085.00,25.000,1025.20,180.0,floats 0.050 m,0.050,-0.000,0.000,front-right (SW),,-0.050,,,,
test\placements\SH1.csv,379,,JP\site\street_life\jp_s_boat_up.p3d,building,1072.50,25.000,1020.40,90.0,floats 0.050 m,0.050,-0.000,0.000,back (W),,-0.050,,,,
test\placements\SH1.csv,381,,JP\site\street_life\jp_s_bench_dress_tea.p3d,prop,1077.85,25.468,1030.50,180.0,floats 0.430 m,0.430,0.000,,back-left (NE),,-0.430,,,yes,
test\placements\W2F.csv,2,,JP\furniture\sacred\jp_f_terrace_l.p3d,prop,1024.00,26.993,1191.10,180.0,sunk 1.305 m,0.000,1.305,,front (S),jp_f_terrace_m.p3d,+0.681,-5.1,+0.0,,uneven support: tilt to the surface
test\placements\W2F.csv,3,,JP\buildings\furnished\jp_shrine_haiden_town_hiwada_furnished.p3d,building,1024.00,28.343,1192.00,180.0,floats 0.808 m,0.808,0.000,-0.299,front (S),,-0.808,-5.3,+0.0,,a y shift alone buries the other side; level the terrain pad or tilt
test\placements\W2F.csv,4,,JP\furniture\sacred\jp_f_saisen_bako_l.p3d,prop,1021.81,28.343,1187.24,180.0,floats 0.984 m,0.984,0.000,,left (E),jp_f_terrace_m.p3d,-0.964,,,yes,
test\placements\W2F.csv,5,,JP\furniture\sacred\jp_f_terrace_m.p3d,prop,1024.00,28.442,1205.71,180.0,sunk 1.763 m,0.000,1.763,,front (S),jp_shrine_shamusho_sangawara_furnished.p3d,+0.908,-8.6,+0.2,,uneven support: tilt to the surface
test\placements\W2F.csv,6,,JP\buildings\furnished\jp_shrine_honden_nagare_town_furnished.p3d,building,1024.00,30.242,1207.00,180.0,floats 0.923 m,0.923,0.000,-0.223,front (S),,-0.923,-9.2,+0.2,,a y shift alone buries the other side; level the terrain pad or tilt
test\placements\W2F.csv,9,,JP\buildings\furnished\jp_shrine_kagura_town_furnished.p3d,building,1011.50,27.266,1188.50,90.0,terrain 0.577 m above its ground line,0.000,0.734,0.577,left (N),,+0.277,,,,
test\placements\W2F.csv,28,,JP\site\street\jp_s_lantern_sign_tsuji.p3d,hanging,1066.60,25.000,1076.70,180.0,attach point 0.133 m from the host surface,0.133,,,,jp_kido_lattice_bantaya_furnished.p3d,,,,,move it onto the host (or add a hook memory point)
test\placements\W2F.csv,30,,JP\buildings\furnished\jp_teahouse_bench_itabuki_furnished.p3d,prop,1074.50,25.000,1073.00,0.0,sunk 0.272 m,0.000,0.272,,back-left (SW),,+0.272,,,yes,
test\placements\W2F.csv,36,,JP\site\street\jp_s_lantern_sign_tsuji.p3d,hanging,976.03,25.000,1074.87,0.0,attach point 0.280 m from the host surface,0.280,,,,jp_s_torii_wood_shinmei_rope_shide.p3d,,,,,move it onto the host (or add a hook memory point)
test\placements\W2F.csv,38,,JP\site\shrine\jp_s_stone_lantern_oki_moss.p3d,hanging,942.60,25.000,1063.20,90.0,hangs in mid-air: no host within 0.5 m,,,,,,,,,,move it onto the host (or add a hook memory point)
test\placements\W2F.csv,39,,JP\site\shrine\jp_s_stone_lantern_oki_moss.p3d,hanging,947.40,25.000,1063.20,270.0,hangs in mid-air: no host within 0.5 m,,,,,,,,,,move it onto the host (or add a hook memory point)
test\placements\W2F.csv,40,,JP\site\shrine\jp_s_stone_lantern_kasuga_18_moss.p3d,hanging,969.00,25.000,1109.50,90.0,hangs in mid-air: no host within 0.5 m,,,,,,,,,,move it onto the host (or add a hook memory point)
test\placements\W2F.csv,41,,JP\site\shrine\jp_s_stone_lantern_kasuga_18_moss.p3d,hanging,975.00,25.000,1109.50,270.0,hangs in mid-air: no host within 0.5 m,,,,,,,,,,move it onto the host (or add a hook memory point)
test\placements\W2F.csv,43,,JP\site\shrine\jp_s_stone_lantern_kasuga_24.p3d,hanging,1097.00,25.000,1102.50,90.0,hangs in mid-air: no host within 0.5 m,,,,,,,,,,move it onto the host (or add a hook memory point)
test\placements\W2F.csv,44,,JP\site\shrine\jp_s_stone_lantern_kasuga_24.p3d,hanging,1103.00,25.000,1102.50,270.0,hangs in mid-air: no host within 0.5 m,,,,,,,,,,move it onto the host (or add a hook memory point)
test\placements\W2F.csv,45,,JP\site\shrine\jp_s_chozubachi_small.p3d,prop,1094.00,25.000,1103.00,90.0,sunk 0.090 m,0.000,0.090,,left (N),,+0.090,,,yes,
test\placements\W3B.csv,5,,JP\buildings\tr_furnished\jp_workshop_bench_sangawara_polisher.p3d,prop,1073.50,25.000,1012.75,180.0,sunk 0.272 m,0.000,0.272,,back-left (NE),,+0.272,,,yes,
test\placements\W3B.csv,6,,JP\buildings\tr_furnished\jp_workshop_bench_itabuki_lacquer.p3d,prop,1081.00,25.000,1012.75,180.0,sunk 0.272 m,0.000,0.272,,back-left (NE),,+0.272,,,yes,
test\placements\W3B.csv,7,,JP\buildings\tr_furnished\jp_workshop_bench_sangawara_kinko.p3d,prop,1088.50,25.000,1012.75,180.0,sunk 0.272 m,0.000,0.272,,back-left (NE),,+0.272,,,yes,
test\placements\W3B.csv,15,,JP\site\yard_life\jp_s_stable_yard_trough_stone.p3d,prop,1066.80,25.000,1057.90,0.0,sunk 0.050 m,0.000,0.050,,left (W),jp_compound_stableyard.p3d,+0.050,,,yes,
test\placements\W3B.csv,16,,JP\site\yard_life\jp_s_stable_yard_tie_post.p3d,prop,1069.30,25.000,1058.11,0.0,sunk 0.400 m,0.000,0.400,,back-left (SW),jp_compound_stableyard.p3d,+0.400,,,yes,
test\placements\W3B.csv,25,,JP\site\street\jp_s_stall_reed.p3d,prop,1050.80,25.000,995.60,0.0,sunk 0.050 m,0.000,0.050,,back-left (SW),,+0.050,,,yes,
test\placements\W3B.csv,31,,JP\site\yard\jp_s_handcart_load_bales.p3d,building,1074.30,25.000,1059.60,0.0,floats 0.044 m,0.044,0.000,0.000,front (N),jp_compound_stableyard.p3d,-0.044,,,,
test\placements\W3C1.csv,7,,JP\furniture\storage\jp_f_tawara_burst.p3d,prop,903.50,26.104,874.09,30.0,sunk 0.037 m,0.000,0.037,,right (E),jp_compound_brewery.p3d,+0.035,,,yes,
test\placements\W3C1.csv,16,,JP\furniture\brewfit\jp_f_monohoshi.p3d,prop,917.50,26.111,877.30,0.0,sunk 0.038 m,0.000,0.038,,front-left (NW),jp_compound_dyersyard.p3d,+0.019,,,yes,
test\placements\W3C1.csv,17,,JP\furniture\brewfit\jp_f_monohoshi.p3d,prop,923.80,26.118,877.30,0.0,sunk 0.047 m,0.000,0.047,,front-left (NW),jp_compound_dyersyard.p3d,+0.024,-0.9,+0.1,,uneven support: tilt to the surface
test\placements\W3C1.csv,18,,JP\furniture\brewfit\jp_f_monohoshi_torn.p3d,prop,920.60,26.026,880.90,90.0,sunk 0.084 m,0.000,0.084,,left (N),jp_compound_dyersyard.p3d,+0.043,+0.0,+1.1,,uneven support: tilt to the surface
test\placements\W3C1.csv,20,,JP\furniture\brewfit\jp_f_hangiri.p3d,hanging,915.90,26.029,882.40,0.0,hangs in mid-air: no host within 0.5 m,,,,,,,,,,move it onto the host (or add a hook memory point)
test\placements\W3C1.csv,23,,JP\furniture\brewfit\jp_f_hoshiita_rack_fallen.p3d,prop,936.60,26.050,881.40,0.0,sunk 0.043 m,0.000,0.043,,front-left (NW),jp_compound_paperyard.p3d,+0.025,,,yes,
test\placements\W3C2.csv,2,,JP\buildings\rs_site\jp_compound_tileyard.p3d,building,847.60,25.496,873.87,0.0,terrain 0.396 m above its ground line,0.000,0.796,0.396,back-left (SW),jp_kawara_gama.p3d,+0.096,,,,
test\placements\W3C2.csv,7,,JP\buildings\rs_site\jp_compound_potteryyard.p3d,building,870.37,25.768,872.96,0.0,terrain 0.320 m above its ground line,0.000,0.720,0.320,back-left (SW),jp_noborigama.p3d,+0.020,,,,
test\placements\W3C2.csv,16,,JP\furniture\kitchen\jp_f_firewood_bundle_loose.p3d,prop,856.70,25.503,855.40,270.0,sunk 0.021 m,0.000,0.021,,back-right (NE),jp_shed_open_thatch_ishibai.p3d,+0.021,,,yes,
test\placements\W3C2.csv,20,,JP\furniture\meal\jp_f_charcoal_bales3.p3d,prop,877.40,25.585,849.25,0.0,sunk 0.023 m,0.000,0.023,,back-left (SW),jp_hut_west_ishioki_sumiyaki.p3d,+0.012,,,yes,
test\placements\W3C2.csv,28,,JP\furniture\sitefit\jp_f_kawara_stack.p3d,prop,848.40,25.633,869.40,90.0,sunk 0.028 m,0.000,0.028,,back-right (SW),jp_compound_tileyard.p3d,+0.014,,,yes,
test\placements\W3C2.csv,29,,JP\furniture\sitefit\jp_f_kawara_stack_scattered.p3d,prop,848.40,25.667,872.00,90.0,sunk 0.033 m,0.000,0.033,,back-right (SW),jp_compound_tileyard.p3d,+0.017,,,yes,
test\placements\W3C2.csv,30,,JP\furniture\sitefit\jp_f_kiln_shelves.p3d,prop,862.90,25.777,868.60,90.0,sunk 0.022 m,0.000,0.022,,right (S),jp_noborigama.p3d,+0.011,,,yes,
test\placements\W3C2.csv,32,,JP\furniture\sitefit\jp_f_ware_rack.p3d,prop,867.50,25.841,869.40,0.0,sunk 0.027 m,0.000,0.027,,left (W),jp_compound_potteryyard.p3d,+0.014,,,yes,
test\placements\W3C2.csv,33,,JP\furniture\sitefit\jp_f_ware_rack_fallen.p3d,prop,867.50,25.866,870.90,0.0,sunk 0.029 m,0.000,0.029,,left (W),jp_compound_potteryyard.p3d,+0.015,,,yes,
test\placements\W3C2.csv,34,,JP\furniture\tradefit\jp_f_log_stack.p3d,prop,864.50,26.171,897.60,90.0,sunk 0.055 m,0.000,0.055,,back-right (SW),jp_shura.p3d,+0.030,+0.5,-0.5,,uneven support: tilt to the surface
test\placements\W3C2.csv,35,,JP\furniture\tradefit\jp_f_log_stack_collapsed.p3d,prop,855.00,26.027,898.30,0.0,sunk 0.089 m,0.000,0.089,,back-left (SW),jp_shura.p3d,+0.048,+0.6,+1.0,,uneven support: tilt to the surface
test\placements\W3C2.csv,36,,JP\furniture\sitefit\jp_f_ishi_blocks.p3d,prop,841.80,25.300,852.20,0.0,sunk 0.047 m,0.000,0.047,,back-left (SW),,+0.023,+1.0,+0.5,,uneven support: tilt to the surface
test\placements\W3C2.csv,37,,JP\furniture\sitefit\jp_f_ishi_shura.p3d,prop,846.20,25.357,853.60,90.0,sunk 0.052 m,0.000,0.052,,back-right (SW),,+0.028,+0.5,-1.0,,uneven support: tilt to the surface
test\placements\W3C2.csv,38,,JP\site\shrine\jp_s_stone_lantern_kasuga_18.p3d,hanging,842.40,25.384,856.40,0.0,hangs in mid-air: no host within 0.5 m,,,,,,,,,,move it onto the host (or add a hook memory point)
test\placements\W3C2.csv,39,,JP\site\shrine\jp_s_stone_lantern_ab_toppled.p3d,hanging,845.20,25.438,858.60,0.0,hangs in mid-air: no host within 0.5 m,,,,,,,,,,move it onto the host (or add a hook memory point)
test\placements\W3C2.csv,40,,JP\furniture\sitefit\jp_f_limestone_heap.p3d,prop,859.60,25.471,852.60,0.0,sunk 0.041 m,0.000,0.041,,back-left (SW),,+0.024,,,yes,
test\placements\W3C2.csv,41,,JP\furniture\tradefit\jp_f_log_stack.p3d,prop,866.50,25.519,852.60,0.0,sunk 0.070 m,0.000,0.070,,back-left (SW),,+0.037,+1.0,+0.5,,uneven support: tilt to the surface
test\placements\W3C2.csv,43,,JP\furniture\sitefit\jp_f_spoil_heap.p3d,prop,884.80,25.173,826.00,0.0,sunk 0.065 m,0.000,0.065,,back-left (SW),,+0.040,+1.1,+0.5,,uneven support: tilt to the surface
test\placements\W3C2.csv,44,,JP\furniture\sitefit\jp_f_makiage.p3d,prop,905.00,25.259,822.40,0.0,sunk 0.043 m,0.000,0.043,,back-left (SW),,+0.022,+1.3,+0.3,,uneven support: tilt to the surface
test\placements\W3C2.csv,46,,JP\furniture\sitefit\jp_f_zaru_tori.p3d,prop,928.60,26.004,853.20,0.0,sunk 0.039 m,0.000,0.039,,right (E),,+0.021,,,yes,
test\placements\W3C2.csv,47,,JP\furniture\sitefit\jp_f_zaru_tori_ab.p3d,prop,933.60,25.981,853.20,0.0,sunk 0.040 m,0.000,0.040,,right (E),,+0.022,,,yes,
test\placements\W3D.csv,2,,JP\buildings\gv_site\jp_compound_sekisho.p3d,building,759.83,24.617,865.37,0.0,terrain 0.576 m above its ground line,0.000,1.576,0.576,back-left (SW),jp_bansho_sekisho_furnished.p3d,+0.276,,,,
test\placements\W3D.csv,6,,JP\buildings\gv_site\jp_compound_jinya.p3d,building,804.02,25.235,879.33,0.0,terrain 0.464 m above its ground line,0.000,1.464,0.464,front-left (NW),jp_nagayamon_jinya_furnished.p3d,+0.164,,,,
test\placements\W3D.csv,19,,JP\site\street\jp_s_lantern_sign_tsuji.p3d,hanging,779.37,24.618,858.97,90.0,attach point 0.291 m from the host surface,0.291,,,,jp_guardhut_m_itabuki_jishinban.p3d,,,,,move it onto the host (or add a hook memory point)
test\placements\W3D.csv,24,,JP\furniture\govfit\jp_f_kanme_hakari.p3d,prop,811.60,25.015,857.80,0.0,sunk 0.046 m,0.000,0.046,,back-left (SW),jp_compound_jinya.p3d,+0.027,,,yes,
test\placements\W3D.csv,25,,JP\site\yard_life\jp_s_stable_yard_tie_post.p3d,prop,819.40,25.156,860.00,0.0,sunk 0.405 m,0.000,0.405,,back-left (SW),jp_compound_jinya.p3d,+0.403,,,yes,
test\placements\W3D.csv,26,,JP\site\yard_life\jp_s_stable_yard_tie_post.p3d,prop,822.20,25.194,860.00,0.0,sunk 0.406 m,0.000,0.406,,back-left (SW),jp_compound_jinya.p3d,+0.404,,,yes,
test\placements\W3D.csv,27,,JP\site\yard_life\jp_s_stable_yard_saddle_rack.p3d,prop,822.80,25.154,856.60,270.0,sunk 0.031 m,0.000,0.031,,front-left (SW),jp_compound_jinya.p3d,+0.020,,,yes,
test\placements\W3D.csv,32,,JP\furniture\govfit\jp_f_matoi_nobori_fallen.p3d,prop,798.20,24.728,853.00,90.0,sunk 0.072 m,0.000,0.072,,right (S),jp_compound_jinya.p3d,+0.044,+1.0,-0.9,,uneven support: tilt to the surface
test\spawns\E.json,1,JP_EffTest_medium_Tansu_Ransacked,JP\effort_test\medium\jp_efftest_medium_tansu_ransacked.p3d,building,1034.00,25.000,998.00,180.0,floats 0.035 m,0.035,-0.000,0.000,back (N),,-0.035,,,,
test\spawns\E.json,2,JP_EffTest_high_Tansu,JP\effort_test\high\data\jp_efftest_high_tansu.p3d,prop,1041.00,25.000,994.00,180.0,sunk 0.402 m,0.000,0.402,,back-left (NE),jp_booth_barber_furnished.p3d,+0.201,+0.0,-0.0,,uneven support: tilt to the surface
